datetime,shap_global_active_power,shap_global_reactive_power,shap_voltage,shap_global_intensity,shap_sub_metering_1,shap_sub_metering_2,shap_sub_metering_3
2006-12-17 01:00:00,-1.847597559471272,0.17684347916527451,0.19841970699312733,-1.4601753088695142,0.17463851784728854,-3.247686969127979,-0.23896889069439897
2006-12-17 10:00:00,-1.1651077130449683,-0.1658975934488512,-0.41171212907977534,-1.1703748046943852,-1.0350584791443063,-2.2428918190167857,-0.29084230030736563
2006-12-19 08:00:00,-1.52586607549357,0.19105292830915419,-0.2597857376223668,-1.2285457421956696,-1.1062376412670243,-2.7255739543352404,-0.24559142784055582
2006-12-19 20:00:00,-1.195657718162192,-0.9119694411388566,0.15990350183032911,-1.1282626326343899,0.1592062342976417,-3.48201220494425,-0.22421444620992775
2006-12-22 21:00:00,-2.034182984754422,-0.057851556007540834,-0.6110186447842699,-2.118223165910439,-1.3440473190340827,0.13488655958211584,-0.31085219447347795
2006-12-23 16:00:00,-1.99529234974444,-1.9483652930109943,0.2238256364470866,-1.7513648159519315,-0.3608333988387663,-0.019912842551565193,-0.2601292665894598
2006-12-23 17:00:00,-1.986465213426419,-0.37243091795817135,-0.8916877327054759,-1.8034895307215046,-1.8404389819749278,0.09297407707746606,-0.3166844530734953
2006-12-23 22:00:00,-1.9477024719311564,-1.1459689963675592,0.025993625190980918,-1.8598095498714575,-1.7157368937662048,0.1085590544494251,-0.13687576606987525
2006-12-23 23:00:00,-2.454238155794881,0.19389321981045252,0.19526562304286582,-2.305094188384929,-1.7127892492490353,0.14646674012133562,-0.5127419462804801
2006-12-24 13:00:00,-1.3896209990548005,0.07421085282901134,-0.09567797387114188,-1.1858809771591388,0.1738353321335502,-3.628458713753999,-0.2633442695202558
2006-12-24 15:00:00,-1.0951012293744131,-0.5768515014352216,-0.0467727932271472,-1.0996885121819533,-1.0420976746615764,-3.2106058068684504,-0.1904066334322052
2006-12-25 12:00:00,-0.9319045075690662,-1.4892123495390108,0.1697426620850148,-0.9336329237544776,-2.99758412595056,0.12719595117819354,-0.17832642561988377
2006-12-25 16:00:00,-1.766473476500154,-2.061677574976768,0.12412032028972951,-1.4512360534812276,-2.634748084440857,0.12251289252778778,-0.1162102619702893
2006-12-25 22:00:00,-2.2053020024259657,-0.012853188409204947,0.027139242717179088,-2.118724159524354,-1.4637060391669192,-0.28380970477407197,-0.24152507432931206
2006-12-26 14:00:00,-1.7484065614048405,-0.03570807854135253,-0.06438252132325449,-1.5097278157768215,0.1676797503505836,-3.0121342507592574,-0.45329081955678174
2006-12-28 21:00:00,-1.8001446990595342,-0.009876830102403393,-0.06614950792041645,-1.5845259936071414,-1.243611709046465,-2.692308422882439,-0.4115348329915779
2006-12-28 22:00:00,-1.3594962875253094,0.06719831216676683,-0.07786106559355811,-1.3236416473064219,-1.2364072573565743,-2.376778824884529,-0.22615480594695303
2006-12-29 20:00:00,-1.4885452145968385,-0.16285496779188927,-1.0724458056934303,-1.3318227224620793,-2.5236210099667167,0.0740818500732367,-0.3381916958018957
2006-12-29 21:00:00,-1.9546980743529774,0.19052334137508647,-1.0554326413817916,-1.6390438724702414,0.14228256120627295,-2.9119642774962027,-0.28119214170604917
2006-12-29 22:00:00,-1.4282553509999327,-0.052121791237371956,-0.06816539921049067,-1.3282822841505733,0.1677337355441159,-3.1860325358873447,-0.2872275960426878
2006-12-30 10:00:00,-1.3561381787283684,-1.1764524117013366,-0.22498446609788159,-1.2453401336198526,-1.1601771125493108,-1.9724166863448134,-0.21781904798217072
2006-12-30 11:00:00,-1.5707378141296942,-0.8156071789930589,-0.3039522074058308,-1.3048050112730118,0.14435297796718724,-2.892450299475926,-0.2550155994125138
2006-12-30 16:00:00,-1.4753206728594879,-1.901725474132246,0.08120808801440355,-1.2326588861506844,0.13356386822430097,-2.426113360421611,-0.22822208961364926
2006-12-30 18:00:00,-1.6373419326883984,-1.1636086033200677,-1.1292629035434376,-1.3869051096311886,-0.8147896440454282,0.09818377865240238,-0.2065152003062354
2006-12-30 19:00:00,-1.4177930764607396,-1.1410507173299094,-0.9992906019485334,-1.2723807145292354,-1.58916204115522,0.0971973758564137,-0.2302310519654226
2007-01-04 12:00:00,-1.5543080206295752,-0.9053694832495186,0.07265856142479803,-1.4818839920461198,0.15181734282996695,-2.950529664826787,-0.18977719313861116
2007-01-04 13:00:00,-1.3273403942667852,-0.6188118973956713,0.1500954300830036,-1.2621634565523048,0.1608983385995514,-3.3025685454103626,-0.22043228275645071
2007-01-06 12:00:00,-1.4833588398031652,-0.8134685111177646,-1.1472086370952772,-1.4022720731549818,-2.296457746043656,0.10075936980235048,-0.28814823913457827
2007-01-07 15:00:00,-1.5918822844669842,-0.8101507274147897,0.1717822715541878,-1.3960410914305692,0.15659409007570219,-3.1070002691982945,-0.25390401074428176
2007-01-07 18:00:00,-1.6856639451906132,-1.4297566527560066,-0.9831320708674578,-1.4159117166291655,0.11209971871384816,-2.5242062942670254,-0.25875375431506736
2007-01-07 21:00:00,-1.5570565035561905,-0.3507899376722706,-0.32759129244486185,-1.5036977825961968,-0.9536915983039357,-2.1484917397434025,-0.28005688293526504
2007-01-10 11:00:00,-1.3957473686977708,-0.18967916359748996,0.03444375508092613,-1.2271942901865818,-1.2949688960821604,-2.7326763426982623,-0.327441252034289
2007-01-11 19:00:00,-1.5700914985237546,-1.1102612257797966,-0.6974561420901321,-1.5352609015107765,-0.9502389782309164,-0.9863753787885294,-0.20996933154450362
2007-01-11 20:00:00,-1.4389638184855749,-1.536165760022587,-0.8109184078051387,-1.1672996544483765,0.14097139086777316,-1.5442353673562281,-0.18846345329972497
2007-01-13 10:00:00,-1.181709537961667,-2.2074889894153924,-0.09812885283761909,-1.0051926118519712,-1.957077066479352,-0.3280132444241711,-0.09681624545274156
2007-01-13 20:00:00,-1.7161601853518678,-0.9163490000407546,-0.8022853143203216,-1.5186982642512448,-2.005229185724675,0.13203886553841593,-0.2755455159725283
2007-01-13 21:00:00,-1.873994825614975,-0.9695945272124347,-1.0716597319291572,-1.727409841859576,-1.2523656014536066,0.1424455451562379,-0.2735848836848171
2007-01-13 22:00:00,-1.8317329540730218,-0.5321725048246715,-1.163044966296148,-1.6321806033173576,-2.3422480366084546,0.10873008165805062,-0.3555737693209213
2007-01-13 23:00:00,-2.09042441345961,0.04558525132554528,-0.717634122137118,-2.0525690732042463,-1.8162125117507526,0.12137121165899067,-0.37096965320109454
2007-01-14 16:00:00,-1.2663760708583922,-0.1336978964081555,0.12472069462166557,-1.1382429067876438,-1.4226278605619187,-2.3996272351745205,-0.21991806281872428
2007-01-14 17:00:00,-1.7648855889415889,-0.1371548401011882,-0.8428391195111063,-1.5427626255857247,0.09477849658017977,-2.7141431148885773,-0.3239016676572037
2007-01-17 10:00:00,-1.4719701709946338,-0.0020589339619453075,-0.05805475827874937,-1.3643256078390915,-1.0546588193666735,-2.8323165155518817,-0.23768665397611
2007-01-17 15:00:00,-1.7355988608047639,-0.35183360566410943,-0.01069469844167957,-1.473782948251095,0.15374017151122674,-3.1963568506202114,-0.42711132520504186
2007-01-20 13:00:00,-1.2488642998945263,-1.1156841653866902,-0.004645038931360917,-1.1863642434082426,-1.0917017811786178,-2.5303247561530733,-0.18068679195897003
2007-01-20 18:00:00,-1.9699957841553137,0.08949647120745362,-1.4157174959785512,-1.8160358599322284,0.16695291104272963,-1.077561591196735,-0.3774094924761924
2007-01-20 19:00:00,-1.8621090559164244,-0.8632154288513887,-1.1236998415575188,-1.5125900131771568,0.14173978605064388,-2.014809663179359,-0.28504848678670225
2007-01-21 19:00:00,-1.6621801065982786,-0.6836350289821594,-1.089727276504136,-1.3648582012724926,-0.7938027255543941,-2.4173771474989065,-0.24551046823572725
2007-01-21 20:00:00,-1.5877293718271979,-0.730887435119763,-0.9428002108633003,-1.2336737960394177,-2.2958783550548003,-1.3296675775379543,-0.3212078496527
2007-01-21 21:00:00,-1.739038280040457,-0.9762502688182922,-0.27757887001503806,-1.4322577277811241,-2.5405090216402857,-0.6980948962985793,-0.31959897242995855
2007-01-22 19:00:00,-1.6713194073088948,-1.115958258159144,-0.6975992857227448,-1.4305702038248231,0.1435241908223236,-0.904829303023038,-0.4394471702198045
2007-01-22 20:00:00,-2.0074144298504066,0.16437817935921087,-0.38727861258104374,-1.6004483569509589,0.1603101829787601,-2.879878824487921,-0.41786505638057675
2007-01-24 09:00:00,-1.1751444975605962,-0.191363801822533,0.02149786619590043,-1.0073391541571648,-1.4155881487816653,-2.1441440104195086,-0.22395175592022082
2007-01-28 12:00:00,-1.304241293475756,-0.8902737603073165,-0.5346773245810368,-1.1333453741936466,-1.8197476820072855,-1.6948744041150638,-0.26468475741502806
2007-01-31 12:00:00,-1.4205052446121378,-1.8654150652389905,-0.18185689649314316,-1.2287262589496102,0.12372000186437825,-2.7462180560603544,-0.22573271317433763
2007-01-31 15:00:00,-1.5475499130986308,-0.9269248951756549,0.10983170808840705,-1.334236660722356,0.15318826131209998,-3.1111908307656573,-0.21664507052826085
2007-02-03 14:00:00,-1.411274943951699,-0.7620282056915026,0.12924411064048552,-1.1410513678769976,-1.1215898776219184,-2.1733490470134122,-0.3078255736094794
2007-02-03 18:00:00,-1.5847584607231697,-0.9521854947554458,-0.9286743972594406,-1.4463855951553746,-1.223857181089299,-1.1175448117796138,-0.23516845481236012
2007-02-03 19:00:00,-1.3892924124320083,-1.4637191999166574,-0.8947374994595781,-1.2051590620622696,-1.4264833701915518,-1.7352661059473844,-0.2457035051570727
2007-02-04 00:00:00,-2.2518544261111764,0.2199679273904526,0.11677261972522572,-2.2672170756916983,-1.7560892192732853,0.029902450392414747,-0.3211792412891592
2007-02-04 01:00:00,-1.964340424118016,0.17614735666888234,-0.491219784102544,-2.021044775180485,-1.6830255000893355,0.10866072817312926,-0.301651871606084
2007-02-04 16:00:00,-1.3089229300059695,-1.570883652511528,0.20339927252556894,-1.0972297968467901,0.13602198163241436,-2.8721991383323813,-0.17332913332352246
2007-02-07 16:00:00,-0.4855030528607043,-1.7246999467493405,-0.10501299934559252,-0.36707297542675155,-0.41640075762859025,-3.142704523191933,-0.20914399072015477
2007-02-08 19:00:00,-1.7095884757748003,-0.536096446739427,-0.14383895216923984,-1.3566584155046262,-2.4238243476580137,0.11022615791944361,-0.19600892477729615
2007-02-09 22:00:00,-1.920626229962295,0.26967756558394607,0.1945490278889699,-1.507856345472881,0.17678760753166198,-3.412028266611313,-0.30228185440241245
2007-02-10 19:00:00,-1.6815905095634494,-0.8643012572552408,-0.8142206704578537,-1.6026634549154535,-2.148581733838248,0.10346204214915701,-0.2843330162418822
2007-02-10 20:00:00,-1.606372584973316,-0.9169013031549338,-0.2951835975450239,-1.5144431735093888,-2.2627059339348894,0.11502299426966892,-0.29561071619975976
2007-02-11 12:00:00,-1.4800519846971623,-1.1280174346326157,0.21732219365835867,-1.3032741017711542,-2.166175703679171,-0.3425004930379147,-0.22845175633385936
2007-02-11 15:00:00,-0.821337918302347,0.08636713462725243,0.1839407819974711,-0.8890829634945087,-1.5303630277443394,-2.931199949826889,-0.24853277648660324
2007-02-13 21:00:00,-1.7059027724302398,0.1999961733163953,-0.11108292459558645,-1.3470123452311404,0.15842771275819037,-3.3569176218535595,-0.266234610548807
2007-02-14 12:00:00,-1.1546464799412928,-1.1059005980466854,0.0858010365704313,-1.0522909519397483,-2.1419648715044657,-0.5257234676421874,-0.20295943660881044
2007-02-14 15:00:00,-1.9403980041409037,0.23562706401846722,0.20907479708042737,-1.793969558053462,0.1663133452418023,-3.323532028382144,-0.2875363900596032
2007-02-15 19:00:00,-1.6031960920833246,-1.4096231058296493,-0.3541836498179546,-1.3350777294932217,0.13885930908493763,-1.8104414120399008,-0.2789514515599234
2007-02-18 00:00:00,-2.2261568875474436,-0.008626829930774975,0.14326960293715119,-2.152789948567592,-1.6037372918306105,0.12887458148382783,-0.47323909857000057
2007-02-18 12:00:00,-1.5363621699829686,0.2577298350696128,-0.15638136832017938,-1.3893296057875457,0.17026511685453943,-3.388999496707557,-0.29569592987748616
2007-02-18 14:00:00,-1.3025016437747368,-0.9632312196599259,0.19400026050598987,-1.1951704859682135,0.16091905371074405,-3.1817888765606135,-0.21880738767815736
2007-02-18 18:00:00,-1.3861169331911634,-1.7159853114333528,-0.8672271826864856,-1.1029668289717636,-2.1551540539455307,0.04315547336275964,-0.1010587996051283
2007-02-18 19:00:00,-1.7447956871560952,-1.020309317978399,-0.2790739408202555,-1.4738651749178615,-2.0726615939349897,0.1084595363072978,-0.40676548865375184
2007-02-19 19:00:00,-1.58067797776422,-0.4042627332202868,-1.1576009445825026,-1.5297353951348682,-0.9882152401103362,-0.8767334436896264,-0.2862917009606175
2007-02-19 20:00:00,-1.6756007199700322,-0.16506755142036184,-0.6613220093190286,-1.4125178959816789,-0.010053000195745392,-2.0188510467561063,-0.3415132580539981
2007-02-20 20:00:00,-1.8493880691107376,-0.1423143323337748,-0.5217815541540971,-1.5478604074655367,-0.13346513307714275,-2.8359197009483004,-0.4650717844590346
2007-02-21 20:00:00,-1.4695247831067548,-1.7096485157445296,-0.21731725334250238,-1.2565252682474966,-1.897471131655687,-1.2928756314053944,-0.10703185840141138
2007-02-22 19:00:00,-1.9753374003996602,-0.37467637240382295,-1.3073813709298385,-1.796403594035566,0.16343763766092353,-0.8170328433402583,-0.34132550468726836
2007-02-22 21:00:00,-1.723052944051152,0.14879069349150975,-1.0349941962043527,-1.4586714175147837,-1.2764267430637204,-2.5884720359661864,-0.2738419113726962
2007-03-04 17:00:00,-1.348827816310536,-1.220513682218363,0.08058210067329181,-1.1375183519946346,-1.434161228086557,-1.5256678496871952,-0.21387812916924637
2007-03-04 18:00:00,-1.7458182847649404,-0.06937983044444582,-0.3981549188717538,-1.5916713460436507,0.11399710947659607,-2.3682200122184063,-0.3436062991727405
2007-03-04 19:00:00,-1.690447094824537,-0.6163878174606497,-0.5933311171996234,-1.4706132672162828,-0.9822633612552012,-2.484073223867369,-0.2585249186310884
2007-03-04 21:00:00,-2.003268809511753,0.15444341953252347,-0.34971243002429514,-1.5073429019725562,0.15509353213390922,-2.7221926238780756,-0.44114286201776476
2007-03-05 07:00:00,-1.6681464371530543,-0.25726952001434694,-0.12385955915600001,-1.464479467516265,0.15991120899125394,-3.139025215108507,-0.3046695288826995
2007-03-05 16:00:00,-0.5967802563372869,-1.3494114256081233,0.2604936146142345,-0.5705454953357135,-2.5052072204610107,-1.5929344220899209,-0.20513714501629687
2007-03-05 17:00:00,-1.154268024624069,0.08812276299429678,0.11596542497769631,-0.9306353563744454,0.12702627001616246,-4.193056033363935,-0.2503731803132164
2007-03-05 19:00:00,-1.6036373991502455,-1.1237663683924828,-0.4942852585245599,-1.356794213167608,-1.9349664746636654,-2.0829165283397626,-0.04402819966544299
2007-03-05 20:00:00,-1.4609540343203136,-1.5620738673355874,-0.09499863817833634,-1.3048544785414287,-1.0939737511535002,-2.4979387699966633,-0.14204353787343518
2007-03-07 19:00:00,-1.7162628194809681,-0.37455642367952346,-0.7801737078694461,-1.656263657073741,0.15142913631279997,-2.8866786388286574,-0.2769232741351487
2007-03-07 20:00:00,-1.7713302670944222,-1.5526009121182434,-0.5281309974992442,-1.5523155453882014,0.13139330400579038,-0.9974022430304978,-0.271990825074486
2007-03-08 19:00:00,-1.3947930887194742,-1.569558161614833,-0.1822266544198639,-1.0770649472469456,-1.8228224584797188,-0.9840292116594475,-0.19426863168309896
2007-03-10 10:00:00,-0.8740681074768432,-0.4520069864778598,-0.17574596399743878,-0.9341725046624187,-3.150617061601772,-0.3710811330044034,-0.24485831956613194
2007-03-11 19:00:00,-1.6493132500907914,-1.115229166946068,-0.30633752572791156,-1.5587821748272659,-2.532813206844665,0.08477434962770332,-0.31820901454251904
2007-03-13 19:00:00,-1.3423690045389587,0.09525201812421134,-0.8608731288351205,-1.1593821760494794,-1.363569020726446,-2.7686238110116044,-0.1006268028896004
2007-03-14 19:00:00,-1.8179710801821767,-0.39889368350443793,-1.2769748723678966,-1.6173387891381732,-1.681914867052522,0.09653680372576913,-0.17913171056267946
2007-03-16 19:00:00,-1.897502707563083,-0.1688690313318489,-1.2869470025782954,-1.527633645609805,0.13507742426972374,-2.9633145440531723,-0.12443936351245485
2007-03-18 08:00:00,-1.0264459202828584,-0.8379055801238722,0.25170021685605387,-0.9179479451907737,-1.3663743976724367,-2.1745550500893085,-0.10316751696736322
2007-03-18 09:00:00,-1.1275273151396843,-0.3286967280163245,0.20142594808381445,-1.1135803707878298,0.17485109073458646,-3.6259246606710245,-0.2859829133172127
2007-03-18 10:00:00,-1.1635596830255002,-1.0724527769089534,-0.16015309274802456,-0.9555907800778782,-2.473177084812526,-1.3824452272510313,-0.34153235615125843
2007-03-18 11:00:00,-0.4427309099801204,-2.0410932787413842,-0.029873278800377368,-0.46461290104606345,-0.7490204645480802,-2.578519759906774,-0.10456498274523249
2007-03-18 19:00:00,-1.5285927601205167,-0.7998247489851112,-0.5613217016739962,-1.2905729821624656,-1.505189346999776,-1.1111214328662826,-0.36723106805477956
2007-03-18 20:00:00,-1.149375067852043,-1.2583648279738524,-0.11498525768310687,-0.9439550771567272,-1.139652668799861,-1.3332939251193447,-0.22061587498386673
2007-03-19 20:00:00,-1.6728007676450214,-0.25243178219891693,-0.1741972365857584,-1.4460045850456718,-0.8239550700057103,-1.5798222371432706,-0.3000655794707758
2007-03-19 21:00:00,-1.709548201298543,-0.10763570412394496,0.013900478117431517,-1.39746464729934,-0.7832804958971369,-1.8872008145786845,-0.31277477269790577
2007-03-20 19:00:00,-1.0868029020715106,-1.8227563381371845,-0.1743991654906229,-0.8979943472191407,-2.0258309237332774,-1.0447495108446172,-0.1789597658066065
2007-03-20 21:00:00,-1.8154814550972578,-0.1860746856671595,-0.5765146142652572,-1.5675835266411413,-0.9975161992648223,-1.8518105169268604,-0.3331890176773015
2007-03-24 19:00:00,-1.8278075156511986,-0.34097018411059554,-1.1658768453831565,-1.5598191355764144,-0.16880010095140785,-2.2050059796525034,-0.32084115834582794
2007-03-24 20:00:00,-1.463137593722832,-1.0616766297424556,-0.8840586995454929,-1.3285264121226672,-1.517133542865261,0.0007160398162670482,-0.18235358830934745
2007-03-24 22:00:00,-2.1144529855909164,-0.7290106655561817,-0.2070204084450547,-1.880491524825372,-1.2843086291669572,0.04580965585438894,-0.21316675839112267
2007-03-25 19:00:00,-1.4900127560353367,-0.7832555735507234,-0.2829829705208939,-1.3204800404707717,-1.9499479262363426,-0.38563553613695123,-0.24164281997050252
2007-03-25 20:00:00,-1.7691803455917778,-0.22659800803248706,-0.41283824161573396,-1.429281113205694,-0.9315773731511424,-1.6328263997335586,-0.3226026992670498
2007-03-28 14:00:00,-1.3655145218330436,0.1934712836595915,-0.004534961253568746,-1.1730686152750287,0.1793450971595606,-3.710009652271911,-0.33973883877034206
2007-03-28 21:00:00,-1.868807851516391,-0.06671267175156939,-0.36246427233211004,-1.6619894791494167,0.15817833696835215,-1.921180542314953,-0.5493305778468422
2007-03-31 10:00:00,-1.4027191534901977,-1.4094137169787129,-0.5571636204363032,-1.170673545333949,-1.9121620058250024,-2.0470673996269255,-0.23264515440403857
2007-03-31 18:00:00,-1.9376598399751017,0.21907165056770725,-0.0535702512965102,-1.6707441185397136,0.18245356181646774,-2.881011968009791,-0.2772329208831502
2007-03-31 20:00:00,-1.5445627277073886,-1.640770070890645,-0.40302406326064566,-1.5032883310300054,0.12447799195662601,-2.499124623785742,-0.2705163315222941
2007-04-01 17:00:00,-1.4023955291148285,-0.6291026395190947,-0.5651765771137455,-1.1294317676992105,-2.5296645255186005,-1.389349541978753,-0.32052021951051096
2007-04-01 18:00:00,-1.0040901615094513,-1.272142347396931,-0.28198490058624653,-0.9576285635874549,-1.0526395492343055,-1.8178674059806328,-0.17685778406799718
2007-04-01 22:00:00,-1.5186163820336556,-0.6476141772549859,0.11754152586156288,-1.332505733250397,-1.0067791491232894,-1.904441556417427,-0.2486236596334635
2007-04-03 19:00:00,-1.6168953337388605,-0.45967111721020487,-0.6118281559366039,-1.4295189338423768,-2.424029131088919,-0.8938538770970669,-0.38688173526157743
2007-04-05 20:00:00,-1.6852094271291957,-0.569420097424501,-0.02417483735341168,-1.392375935199569,-0.593964311839321,-1.60678789680265,-0.26198171100942835
2007-04-05 21:00:00,-1.613449467295572,-0.048258144267542824,-0.27581316927495,-1.5838429420265077,-0.8390497695142921,-2.7709728297733323,-0.3254033377489595
2007-04-07 11:00:00,-0.8145339844065606,0.1720330603940926,0.06433751582969546,-0.7179382439676499,-1.478513447974664,-3.840706576595667,0.005368221662702494
2007-04-21 19:00:00,-0.7042282351510895,-1.5688302536333916,-0.8985896013408579,-0.7574659904798576,-2.123195013116611,0.09653644551093712,-0.16596160310380903
2007-04-21 21:00:00,-1.2533837789657254,-1.155299237573951,-0.9959218432406926,-1.1717668424118945,-1.6350122873539927,0.07035509127345854,-0.19168192925984806
2007-04-22 10:00:00,-0.8403695088633615,-1.4823848582048933,0.1247677197744442,-0.7764748204489587,-3.137222843001149,0.02172512290183885,-0.41475099277160454
2007-04-26 08:00:00,-0.6402591841833476,0.19152491381462824,-1.4499564250487806,-0.7648961846535935,-1.1434895995355434,-2.247040542283812,-0.21843555266835518
2007-05-01 18:00:00,-0.3240174934470341,-1.2553914729672497,-1.3703727824926302,-0.23569233495606423,-1.8725531134662656,-0.9904210627186304,-0.1361760921269871
2007-05-03 00:00:00,-0.5027490284600383,-0.19534758603607708,-0.7254965422699764,-0.5113505084006326,-1.9579148853544082,-2.3126021241792505,-0.17954869824363692
2007-05-04 20:00:00,-1.0546042563161662,-1.4948915850172164,-1.3699252291803206,-0.9158162918245617,-2.305219730203568,0.09569876470608067,-0.3356028273307782
2007-05-05 14:00:00,-0.9245924149469674,0.12432903143191278,-0.9663986207614443,-0.85591679513958,-1.4937462806498105,-2.360458606132333,-0.31833727809865825
2007-05-07 08:00:00,-1.0774526911452138,-0.06993515049569476,-1.1665898150283602,-0.9801508127366645,-1.038696142504758,-2.2452216195467813,-0.22713333040457231
2007-05-07 09:00:00,-0.8377923160752728,0.1049779558664477,-1.3633829572351135,-0.8492931507360816,-1.085500169376981,-2.0439086745776653,-0.21824374507143282
2007-05-08 12:00:00,-1.180672768682717,-1.434329267090329,-0.8904973965616111,-1.1656341609268248,-2.0145793658003393,-1.6894039757531931,-0.2552442203515111
2007-05-14 18:00:00,-0.639251103632592,-1.6668725067852965,-0.951649057396832,-0.6319568377648372,-2.416174288912875,-0.791137467910072,-0.27504217354774113
2007-05-14 19:00:00,-0.43431385455216576,-2.2843328058356716,-1.4319814272299507,-0.5200275312756456,-1.1592988707780332,-0.08152052149528867,-0.17896447275101024
2007-05-14 21:00:00,-1.3859066168482181,0.16489424771610794,-0.9744060576786918,-1.1909803567229498,-0.7614336499450199,-2.3335985452716868,-0.34788011590614437
2007-05-16 13:00:00,-0.7306957631925078,-1.025306331180952,-1.136446137975955,-0.6982938257368421,0.1538002706041939,-3.4393755961925843,-0.1709486235013195
2007-05-18 20:00:00,-1.2191903325508437,-1.119207575011977,-0.984107040042616,-1.1452001448335805,-1.9065847260535729,-1.65285486289044,-0.25028287866353965
2007-05-20 21:00:00,-1.41957618152934,-1.228482561068447,-1.1294749287299088,-1.3907927823718476,-2.042381184485205,0.08370331427201479,-0.27742222451017107
2007-05-22 20:00:00,-1.0265395608957066,-0.9565773643202865,-0.7866744737562386,-1.053689691185788,0.14698740997686152,-3.338631624058539,-0.198761808964146
2007-05-23 14:00:00,-0.8157405520156726,0.23176334444681626,-1.1908008984589635,-0.5898274648490766,0.18786712960829577,-3.9363704768966197,-0.1170288845696519
2007-05-25 19:00:00,-0.9642910411873823,-1.7732679328285634,-1.108224109724931,-1.0116999325606812,-2.0768808505779637,0.13216753787698968,-0.19112837271726563
2007-05-25 20:00:00,-1.2265024730591194,-1.063326888110376,-0.9511304222912773,-1.1833787833953855,-2.683665240675379,0.07333531963298615,-0.35175615482802436
2007-05-25 21:00:00,-1.6688915212905684,-0.8402503378371122,-1.327697757313108,-1.5433700425141739,-2.5295757752254957,0.095320096870541,-0.32869035086082055
2007-05-27 14:00:00,-1.1512947853875044,-0.7511441309400039,-1.0252828864557828,-1.0615601962844898,-1.2636748065018584,-1.9604950293752286,-0.21185236010940647
2007-05-27 15:00:00,-1.2011737391812767,-1.1239448622921218,-0.927624450519946,-0.9849929965310913,-0.8174531420817603,-2.1891959866053052,-0.14418921836320023
2007-05-27 17:00:00,-1.1178575919970057,-1.4562617765109762,-0.8413863562964495,-1.1122594777535566,-1.2021653055216226,-1.8023976654684086,-0.22951642254710805
2007-06-02 19:00:00,-0.8799931884169153,-1.4207949674953344,-1.135128759655934,-0.8174942156013589,-2.6108250240439084,0.10645044147569686,-0.21313398862499833
2007-06-03 11:00:00,-0.8972085611645824,-0.565050497689068,-1.2783415266433782,-0.9357540496809341,-2.8891272583001997,-0.23954779166182874,-0.28365190282459946
2007-06-03 13:00:00,-1.132698493285409,-0.8762092230115288,-0.9988375448952792,-1.0035922669836481,-1.7395773592553645,-1.62754527115641,-0.23338443750749516
2007-06-03 21:00:00,-1.286563239877815,-0.14298352145343338,-1.2011246277247116,-1.250112211289606,-1.0711786467198956,-1.7328936444758383,-0.1994739640686736
2007-06-03 22:00:00,-1.700458367636503,0.1850433423689616,-1.0790879461207785,-1.3481695671544431,0.15099872815884385,-3.253891564163534,-0.17337075928571732
2007-06-05 11:00:00,-0.18884930259766233,-1.8959575321159885,-1.312974171236622,-0.2540921599829323,-1.8815708466695373,-0.7990007417328275,-0.13761110852685124
2007-06-05 19:00:00,-0.3792433416717827,-2.366803028286348,-0.7583866488652555,-0.46654020685552083,-2.5268135528703093,-0.09256286469107597,-0.07010002577294251
2007-06-08 10:00:00,-0.9008194158154559,-0.5694590122153669,-1.342428195252362,-0.9306711024485892,0.1520885419336268,-2.9280518713493398,-0.2373631315035006
2007-06-08 20:00:00,-1.2973896400652483,-1.6150469628906785,-0.11298417804608783,-1.121031454297014,-2.0164630039910696,-1.4342330976501998,-0.23965981929980223
2007-06-12 18:00:00,-0.5047981210112763,-1.9838842551382596,0.03808502004879055,-0.49085050389763246,-3.246142506687017,0.13013187885313593,-0.13639429395439132
2007-06-14 19:00:00,-0.9449105374421405,-2.12469786028618,0.04252024319836816,-0.8566485208800848,-2.770851976995167,0.15107876732013342,-0.22210371142846444
2007-06-15 08:00:00,-0.5300692027659337,-1.149049338938664,0.02919267295112862,-0.4526050199534504,0.18502582794549005,-4.047502791482684,-0.13963717279052454
2007-06-16 20:00:00,-1.102642334021553,-2.03416977671252,0.034149833119812546,-0.9240707332393875,-2.418414284067928,-0.1641674440523187,-0.16413551004239688
2007-06-17 18:00:00,-1.6807300222026782,-0.005621604075689712,-0.15144157553384205,-1.3884088298210746,-1.0410029302092922,-1.6259014126280251,-0.26665413767303864
2007-06-17 19:00:00,-0.8363890213845512,-1.9579260318012015,-0.5426496026367069,-0.7562192821922895,-2.0183469038283,-0.1856430428700642,-0.1298389816156535
2007-06-20 21:00:00,-0.9532340406159776,-1.7442688273439524,0.06399241908738655,-0.8961368561731974,-0.8241527752222501,-2.6629797524544503,-0.20582688267231816
2007-06-25 21:00:00,-1.2574982520713764,-0.30591838045474595,-0.2550048134172491,-1.0859536483689818,-0.6928195440140441,-2.479239452735742,-0.3682278866078489
2007-06-25 22:00:00,-0.7180222196466463,-1.8111176484209153,0.10443070741148516,-0.6418070888762314,-2.2155765181544833,-1.0272506276756395,-0.22199313648517316
2007-06-27 20:00:00,-0.8242538932032663,-1.3439320312007976,0.09253148888018684,-0.8558253651128626,-0.9137243547616085,-2.5506246260672802,-0.17675755792207226
2007-06-27 21:00:00,-1.4212036929312792,-0.9900928368024268,-0.1375633209325121,-1.188315920031988,-2.472436746026657,-1.4397263776140388,-0.2839891426848358
2007-06-28 18:00:00,-0.45258167186253556,-2.1913268181726906,0.23494644574857376,-0.3245084949084713,0.17727379472891103,-3.516143402838675,-0.13957852602796506
2007-06-28 19:00:00,-0.79123411032735,-2.518178078541651,-0.026490085379916914,-0.579252315087207,0.15808302329796364,-2.050307274670048,-0.38968928925126106
2007-07-03 22:00:00,-1.6634766617463195,-0.5292586847757381,-0.1266667602262655,-1.3924803359054396,-0.028132228475855153,-2.8654805301500414,-0.4520389519818776
2007-07-06 21:00:00,-1.3921851824473688,-0.9402842134470084,0.10261101070652355,-1.2698466441272085,-0.8316344038394131,-2.7336515952359255,-0.2082392430879709
2007-07-14 19:00:00,-1.3923401027625333,-1.8786651929041478,-0.03584390066316472,-1.1708923390913641,-2.708852411367625,-0.029921759682923186,-0.3871405943284416
2007-07-20 18:00:00,-0.6958333064479395,-1.3451377838338843,-1.0696070711470138,-0.8019759766233192,-1.403065789297888,-1.9037245572626393,-0.19774647003340293
2007-07-22 10:00:00,-0.4187684642143634,-1.4663494119721066,-1.3202549777386068,-0.39843123399110564,-1.9627269099928353,-0.7689099713079587,-0.21918401093016954
2007-07-22 11:00:00,-0.7791587369124592,-1.7335243877820392,-0.9298090654955278,-0.7918778229098021,-2.654097144750106,0.1240571496261234,-0.19170989982364056
2007-07-23 12:00:00,-0.5271726326126269,-1.1828263286539973,-1.361759253393871,-0.4970500599575111,-0.9147082300130923,-1.7130347142984785,-0.29029964421778315
2007-07-28 12:00:00,-0.7022566713978624,-0.2921742350176434,-1.3560832501043203,-0.5952704521421905,0.17612023689607348,-3.3849965771465875,-0.13265008504033482
2007-07-28 19:00:00,-0.8820102832721379,-1.2332459438226262,-1.2271487908068897,-0.838467070953183,0.14289469361946552,-2.5927902795145332,-0.22032298561467675
2007-07-31 12:00:00,-0.5059769364732261,-1.4659651867220347,-1.4078578769209276,-0.5169183373655819,-2.9434998959367085,0.09923166263180908,-0.06831347103740279
2007-08-12 23:00:00,-1.5904292935667517,0.11087453687068369,-1.152890270030299,-1.5771219153644147,-1.3777334630020865,-1.4345825431980554,-0.30385851834270017
2007-08-19 16:00:00,-1.4631471162817862,0.05035315767198564,-0.12276406033889156,-1.2047590813269127,-1.1000081381622342,-2.912152609803381,-0.3285661380054733
2007-08-25 00:00:00,-1.0097767617145814,-1.0018696182235678,0.0540761440469311,-0.8372743336677261,-0.917860694752034,-2.248705117192487,-0.1290485145219191
2007-08-26 14:00:00,-1.3817671265961033,-1.054575334868341,0.04190731607828463,-1.0844938067666128,-0.8009985804506609,-2.7231561113006864,-0.2140405974792221
2007-08-30 22:00:00,-0.8752599683610621,-0.4256091432852321,0.08948398184168756,-0.9428697243775451,-1.0945589073010233,-2.6955133064456622,-0.2663677614356387
2007-09-04 21:00:00,-1.1875243718371007,0.23879875603589062,-0.3879816558937844,-1.0963425838723446,-1.2711972913665421,-2.5940652708600895,-0.10865386728500569
2007-09-07 19:00:00,-0.8010526482716908,-2.251613557760425,-0.17121136569203643,-0.7081547215813138,-2.5753505344223457,0.10301431376140978,0.04079172142995788
2007-09-08 15:00:00,-0.7106731076491553,-1.2825582839744056,-0.3656991116164408,-0.7382845137385625,-2.9265560543720324,-0.7748810299950584,-0.3200674584017713
2007-09-12 22:00:00,-1.099833482404027,-0.8298796084200277,0.11702323479217183,-1.0244777080106597,0.16600917875951526,-3.443996280577329,-0.15235078973225527
2007-09-13 21:00:00,-1.4178136681869113,0.17209694590257338,-0.2838265281935413,-1.2649606015299244,-1.4148382981729681,-2.127778515945567,-0.18332088505728858
2007-09-16 19:00:00,-0.47496673902139513,-1.1577792491595578,-1.1955645040120355,-0.5444150715999085,-2.8985701703379676,0.15702814607320895,-0.08402079297335951
2007-09-16 20:00:00,-1.7678319713046524,0.17900191269208493,-1.2328285707931304,-1.3737645889577559,0.0621853162354333,-2.3367281544596836,-0.4811608342473361
2007-09-17 19:00:00,-1.2366091855130608,-0.9793222360921885,-0.9451734421231078,-1.0826769249012915,-2.379766400325804,0.12967024598383814,-0.2672769826588257
2007-09-17 21:00:00,-1.5833907636777795,-1.3003859149563177,-0.8837332180868338,-1.3173106729733886,-2.27988310388902,-0.5779317421379275,-0.38420166167801423
2007-09-21 19:00:00,-1.1783296946617412,-0.8118328234823416,-0.7621192724904078,-1.0961818113671797,-2.6986040306784487,-0.7248671753776998,-0.28959731322534954
2007-09-21 20:00:00,-1.0826929546762945,-0.7435821126640185,-1.0477441607891473,-1.0426946865400097,-0.8285743314846133,-2.7933531841854697,-0.171655246018869
2007-09-25 08:00:00,-1.2935452355221975,-0.08204045332362309,-0.6930912839527581,-1.0735392832071131,0.17701690371121834,-3.256758889499776,-0.2294709517884366
2007-09-26 21:00:00,-1.7120280430736543,-1.1049918945225237,-0.6099631937598705,-1.594633064700317,0.12015699321281671,-2.6797687789888753,-0.2084171327070428
2007-09-29 12:00:00,-0.8442162517282124,-0.5980343808019332,-0.017882973833294742,-0.9425571072409565,-1.586825791534676,-2.5616744512254326,-0.19394525541483715
2007-09-29 13:00:00,-0.8581287266882588,-0.2577302725427873,0.042779099114159856,-0.8084744345982223,-0.8008697022374918,-3.465636052399953,-0.27012447417539676
2007-10-01 09:00:00,-1.0130038633096514,-0.20135219763546863,-1.058647213051789,-0.9150448711026584,-1.082155229480317,-2.3903441229074636,-0.21169846925474067
2007-10-01 10:00:00,-0.970542080935407,0.26357806108481696,-0.7708141923970937,-0.9015099495348886,-0.2753666721213499,-3.410494143208117,-0.19236582425632168
2007-10-07 19:00:00,-0.907869364612056,-1.0603720559475005,-0.9261134114837094,-0.8155209076070898,0.10021323384904052,-2.5168223833383676,-0.24888670691326595
2007-10-07 20:00:00,-1.5799119790640312,0.017053809669173626,-0.8959193473202248,-1.4066152744961307,-1.164318599807176,-1.6376463022181103,-0.36838377339711964
2007-10-09 21:00:00,-1.7118699098176533,-1.1144550394439539,-0.13678802578263655,-1.4371394555852683,-2.0047869987336115,0.11956824357375577,-0.4558835938373457
2007-10-11 20:00:00,-1.6116183956033472,-0.7958366538335042,-0.9642100235218082,-1.5001421347343507,-1.8241782485576437,0.13297050170768407,-0.27446436970904253
2007-10-11 21:00:00,-1.7901232733004313,-0.2925313428225638,-0.7108891922283387,-1.616639446593842,-2.8783752557958393,0.1221923734276061,-0.2522387067105997
2007-10-12 12:00:00,-1.350041450497372,0.03177660395782472,-0.6261241001623521,-1.183918000988265,0.16684401264214985,-3.204513402388808,-0.23385928578148996
2007-10-13 19:00:00,-1.7901194962304434,0.009336213366981394,-1.2444998876597388,-1.7065921385938307,0.1600753465463767,-2.2308337444350497,-0.31138282039841314
2007-10-13 20:00:00,-1.9305392064875322,-0.7232644098556313,-0.5450045213096262,-1.6485395158976683,0.15131764246619622,-2.4334660022696117,-0.2992418273818381
2007-10-14 14:00:00,-1.541435895495178,0.18716002334740825,-0.06426486684784842,-1.3878674559311153,-1.0309946106377579,-3.0231564766415,-0.23027553222336264
2007-10-14 19:00:00,-1.5893850802265845,0.10363107668352836,-0.9891683873606536,-1.3014472999631859,0.15570968775137306,-3.2847437568002755,-0.07559878362332968
2007-10-16 13:00:00,-1.4267139254389407,0.03731629878602921,-0.46324629175175597,-1.2924352014447917,0.16383329260201865,-3.1785985720558614,-0.25783041990831845
2007-10-16 14:00:00,-0.9842137742837576,-0.8272019265884475,-0.3167617946178587,-0.937244379543238,0.16075655041361642,-3.1442498034279294,-0.20378637562430063
2007-10-19 11:00:00,-1.357221262422527,-0.18301489119770956,-0.5367095382594308,-1.2965183632234953,-1.2965964687171971,-2.2332797927084878,-0.28843980075817205
2007-10-21 15:00:00,-1.514226239469514,0.15791287002774873,0.14040461347798988,-1.2451674846037017,-1.1451802251869772,-2.6768702331159995,-0.23023383321347185
2007-10-23 17:00:00,-1.6310038574239787,0.12590542223309703,0.08309377303869221,-1.4879036920609716,-1.079722995746159,-2.9962151865682443,-0.2448287516545611
2007-10-24 19:00:00,-1.9338837500708819,0.18432124404850808,-0.7646828721471022,-1.62621474878984,-2.459716693967264,0.06512513697378756,-0.355028970229713
2007-10-25 21:00:00,-1.897004786271943,0.016592476775506824,-0.30725166782855806,-1.7025825033120172,-0.2859734753041606,-2.659425824093804,-0.38478069034378937
2007-10-27 10:00:00,-1.8308033960598413,0.13479579394384333,-0.8775629152151462,-1.5853894381159601,0.15859155452999038,-3.0892755481889447,-0.26971687279147283
2007-10-27 11:00:00,-1.8127290642689293,0.14463267373279093,-0.3706448117671427,-1.327277520021513,0.1653520985012944,-3.0220160656854116,-0.3057298236072613
2007-10-31 13:00:00,-1.3408897000278717,-0.8845950445265385,-0.302834896780736,-1.215694925244936,0.14910646579673467,-2.8943281029683052,-0.2453940593234263
2007-11-04 18:00:00,-1.8859857071256012,0.22481388048567832,-0.8884773664970359,-1.7066722638318057,0.15618188174152187,-3.020129736282432,-0.28524788853012567
2007-11-07 19:00:00,-1.7422471943249207,-0.42341831273322555,-1.3093208792889448,-1.638333493078441,-1.926294671746809,0.11526490673652334,-0.3628714369913046
2007-11-09 13:00:00,-1.6341004594959887,0.06325992310488061,-0.8802733667960075,-1.4040913388560106,0.16147791436810066,-3.0559101856797124,-0.2500428454868095
2007-11-10 18:00:00,-1.6044680227043522,-1.413646643019422,-0.6248565521982495,-1.4478267897458705,-2.128294784574016,0.09116325960391769,-0.3179096995409911
2007-11-10 19:00:00,-1.7583863987518698,-0.7723488812667173,-1.2989153574446834,-1.5629116008786674,-0.9851039190314818,0.1381585047760944,-0.3503104185492704
2007-11-11 19:00:00,-1.5632149272930798,-0.8857785454943458,-0.59581261386608,-1.3068870105832435,-1.9948380788527673,0.126637237945476,-0.3405096885716116
2007-11-12 20:00:00,-1.8134901120653777,-0.5184559921099069,-0.4816668219693132,-1.6710394087864426,0.1299937285138036,-2.6365030349760854,-0.4176728951359867
2007-11-13 15:00:00,-1.9178687061913982,0.16035209167509445,0.0942072990352786,-1.8199725581093624,0.16508609192170837,-3.2772212457150403,-0.2843591132655503
2007-11-16 13:00:00,-1.5352761642074124,0.15308990512039464,0.11312376362511825,-1.1776880990898368,-1.1093571297817706,-2.7981675789561993,-0.19830457414211722
2007-11-17 18:00:00,-1.795536098402286,-0.17573640215671615,-1.144760571370607,-1.745552417743785,0.15704151917870507,-2.226478730587855,-0.3339896476235831
2007-11-20 11:00:00,-1.2897611396275903,-0.2732165538224205,-0.33367517871509145,-1.0270689017029249,0.17164997884363042,-3.4100485459049485,-0.22872832961902786
2007-11-22 19:00:00,-1.7744201684441976,-1.2817059904998354,-0.6572546074580271,-1.5623423533309895,-2.089652695217023,0.09222126275420356,-0.31723988970791434
2007-11-23 12:00:00,-1.5591159178850262,0.009229310505074433,-0.24501066276467062,-1.3437582626319253,-1.003967860930217,-2.4827867634200387,-0.25704368239920333
2007-11-23 22:00:00,-1.8796302948275965,0.154565280019693,0.17899244508972684,-1.549031530339311,-1.0870443565078458,-2.576443599567498,-0.2916060194520876
2007-11-24 11:00:00,-1.4477251042960728,-1.361084709796698,-0.42446370247490417,-1.1624204381102623,0.12441104011838466,-2.845478688122666,-0.22129334894674432
2007-11-27 10:00:00,-1.5235986089696991,0.15622378294350062,-0.14061793793032157,-1.364524442410237,-1.0097702705962195,-2.957065712466318,-0.24119446101598088
2007-11-27 11:00:00,-1.5838653260037108,0.034051674231807494,-0.27298110207007387,-1.438737456341107,-0.7830646116573545,-2.882085861153859,-0.3146920956379982
2007-11-30 13:00:00,-1.7766760818022675,-0.5144082682848256,0.19475230512472286,-1.6778771334716414,0.15498864055670147,-3.115334054542314,-0.35955646958094845
2007-12-01 18:00:00,-1.5880688159403475,-0.8006536601215368,-0.7516014320541478,-1.5149346437381186,-2.2121210073393214,0.14059454217569559,-0.2864757029099097
2007-12-01 21:00:00,-1.7577935353536769,-1.8022157052483598,-0.05462456211586086,-1.5971142936022344,-2.3877115254694172,0.12902415586173074,-0.26692467761504685
2007-12-02 14:00:00,-1.4333355041379776,-0.40667313331109356,-0.05796633549061595,-1.2070870476175182,-1.0137513409909207,-2.627685525122164,-0.35855143113716614
2007-12-02 15:00:00,-1.7016379058001112,0.20507267206494048,0.16949237405625722,-1.5122611150414431,-1.0974999061539104,-3.016074979326696,-0.27241106162730955
2007-12-02 16:00:00,-1.7040392688428223,-0.7546091453693325,0.20724574589428385,-1.545129075431851,0.16775616080514716,-2.69266169307855,-0.22280630071092533
2007-12-04 12:00:00,-1.5135168824556189,-0.3495172845865578,0.08891591503599207,-1.334864582746509,-0.9742738520781163,-2.6472768493276573,-0.309172657552661
2007-12-04 21:00:00,-2.3060584046801664,0.19936350893520535,-0.09351122357975668,-1.9127948680586995,0.15370571252443394,-3.1053197316023287,-0.33996115405628813
2007-12-05 19:00:00,-1.9672029064117642,-1.2153729786952372,-0.3347058977509791,-1.7108362078121488,-2.0188456612051877,0.09088936600130529,-0.148688867949372
2007-12-06 20:00:00,-1.633254715112425,-1.1024900966644842,-0.5922179613091278,-1.6219521207225054,-2.417953557415447,0.08483302793548428,-0.35494848963890746
2007-12-06 22:00:00,-1.760368161438311,-0.7964352226656584,0.2545538454308645,-1.4180373767849048,-2.5331659729115867,0.13768975691159374,-0.19442358333678533
2007-12-08 20:00:00,-1.995098577143305,-0.7167832676092006,-0.5758188988335531,-1.6259809993172591,0.15091800607276262,-2.4138127492724055,-0.3021613546327489
2007-12-09 16:00:00,-1.591431177472614,-1.444056992252195,0.19675088764773113,-1.4206916479500329,-2.065959259378075,-0.9527517538561839,-0.35799764368773485
2007-12-09 18:00:00,-1.874253923051102,-0.869965299639228,-1.0107895992585334,-1.6228298529668326,0.14453802584066833,-0.9140356439321622,-0.2933776391006765
2007-12-09 19:00:00,-1.7684743891706567,-0.35807900888004757,-1.118107531538153,-1.5380050671536587,0.16270410704745183,-1.9495920336882453,-0.3083920204427713
2007-12-11 13:00:00,-1.2908668781033261,0.1088877996388849,-0.20993410949143923,-1.0498927099327973,0.1707175992102737,-3.5171023017730896,-0.3137413080154132
2007-12-13 20:00:00,-2.2180133634746917,0.0694502067043692,-0.2885325037427626,-1.8096519034503713,0.17045863944508244,-1.8325033101710044,-0.4024195385483762
2007-12-14 12:00:00,-1.5718514009756557,-0.0848009067478006,-0.024309945522512897,-1.443372625674546,-1.0615736187787201,-2.807666586333988,-0.2714278162761111
2007-12-15 17:00:00,-1.9083932778465427,-0.15099716564624444,-0.9236012888877645,-1.9603679952495532,-1.3082084048522475,0.09602753542697597,-0.25605806064022074
2007-12-16 12:00:00,-1.506189328749189,-0.07116192754005347,0.001239843730490567,-1.4880109276351563,-1.459942598792245,-2.1975553640716172,-0.30481569013292886
2007-12-18 12:00:00,-1.9195376624216118,0.18278736977129234,-0.09086652611223325,-1.6883722456859593,0.16447951825138726,-3.227358220470489,-0.32207884958397365
2007-12-19 21:00:00,-1.7225749512374788,-0.12444596963552085,-0.1058846167433604,-1.4559642106014166,0.1724048808025215,-2.692196870497595,-0.3857223728337085
2007-12-22 14:00:00,-1.5867136750236317,0.10176167295615858,0.1072332059056027,-1.5518418085209504,-1.1779881743528118,-3.0081272564533954,-0.2352360686299239
2007-12-22 20:00:00,-1.565722753027596,-1.1659361955600747,-0.3566327985519028,-1.4646490404666592,-1.5472761282482204,-1.6159333106857923,-0.08217029178762936
2007-12-23 19:00:00,-1.493875945632099,-1.4030768675747178,-0.7485519481401784,-1.2774059788147347,-1.111259320097387,-2.2785726133468884,-0.2546848864405536
2007-12-24 09:00:00,-1.7224856044067105,0.12072068282552087,0.16308141519696037,-1.261262718268766,-1.2038242309249825,-2.904901320804952,-0.33967371847907646
2007-12-25 11:00:00,-0.7665356023011716,0.17149154903762395,0.046821837511559015,-0.6372186791793244,-2.916316278566817,-1.796916900479627,-0.1935190513209073
2007-12-25 13:00:00,-1.747846282477681,-0.27700083456721797,0.09567076048275024,-1.4051661426212465,-0.0777047121969113,-3.1408032209924563,-0.35497088487285355
2007-12-26 14:00:00,-1.589012354684728,0.19235888678798227,-0.048434899241100254,-1.3199060564496887,-1.14712643915919,-2.864791592029594,-0.4003144767041906
2007-12-27 19:00:00,-1.7060144169143407,-1.116200687065524,-0.7635106490309838,-1.43155254971995,-2.191898720103529,-0.5836691882896654,-0.29458134892257615
2007-12-27 20:00:00,-1.5663946105345716,-0.4156642646948756,-0.8114185337546965,-1.386831333501583,-1.77979560205554,0.08070095169749003,-0.22027682301421084
2007-12-28 15:00:00,-1.7510040463849657,-0.23037712904685012,-0.19042915356633508,-1.6631330053062754,-1.0448521017538328,-2.805006424618773,-0.42728157527320554
2007-12-28 16:00:00,-2.0542900825989996,-0.17315480179759363,0.04746060179598223,-1.7606269878389247,-1.2804656530959264,-1.6857792003113814,-0.4131533885274933
2007-12-28 17:00:00,-2.1178312830580137,-0.3279988584935445,-0.3710027272274082,-1.7226794300538109,0.14489292306841955,-2.9591599903288937,-0.34180549017285294
2007-12-29 10:00:00,-1.492438304600014,-0.4225152476772353,-0.34338517639014965,-1.2885143859515933,0.13859959884298323,-3.14711296870234,-0.1977747891749159
2007-12-29 19:00:00,-1.7992885835537655,-1.0516995305501262,-0.7519588548396399,-1.5945588037014329,-2.3529965060107165,0.11237150222826287,-0.2983696955713903
2007-12-30 14:00:00,-1.8532706211084722,0.16739608869654524,0.09190227406350696,-1.6369610305481388,-0.36885978478000137,-3.148375925482254,-0.34364188229391435
2007-12-30 18:00:00,-1.6909275261959908,-1.0638029071293926,-0.7544426252125473,-1.6305366749544994,-1.9206018169238244,0.10428331112329531,-0.26195567363445665
2007-12-31 12:00:00,-1.4462631855221786,-1.761856973277748,-0.03685197297857621,-1.1627760898685155,0.13878823862719786,-2.498954107806265,-0.2431455612827829
2008-01-01 13:00:00,-1.0211268742946902,-1.829400215481244,0.03948013243976751,-0.9623932591296548,0.14295945735825108,-3.458678158012617,-0.044991743098369154
2008-01-04 17:00:00,-1.7201640516799503,-0.036536868958766164,-0.31641115795578595,-1.3232508663738043,0.17675205915295178,-2.746059242493929,-0.293841684428782
2008-01-06 19:00:00,-1.6830191178337834,0.0952952276841242,-1.5703287316211991,-1.5821406364646804,-1.6863816735825043,0.08170732718282937,-0.23123077248251184
2008-01-08 13:00:00,-1.5690100058462577,0.03287467666186507,-0.28334704416706535,-1.4129109970065468,-0.94535016580319,-2.8675386752657452,-0.29609256720535543
2008-01-08 21:00:00,-1.8812897800163055,-0.5092706700569329,-0.36331061973082857,-1.7206483217936999,-1.7948331044458399,0.11071445933021239,-0.4416890880943367
2008-01-12 18:00:00,-2.1031548573246854,0.04299748359660517,-1.3262310743318233,-1.8770208366953782,-2.0251618019092956,0.08138877493190728,-0.4337048472730333
2008-01-13 12:00:00,-0.6537950690202893,-1.484299788918319,-0.3297443396695588,-0.6432290212085038,-3.153151594792319,0.038988262535641575,-0.1603070560888564
2008-01-14 20:00:00,-2.046759928247624,0.1368951853003687,-1.1968616475749116,-1.8007079774648018,-2.696394480645723,0.11279628303065214,-0.4765843928832368
2008-01-14 21:00:00,-1.9608700843774365,0.18871437928753404,-0.9003846322626871,-1.9670067522732997,-2.812612986721087,0.12017909727964592,-0.34488759784991907
2008-01-15 12:00:00,-1.6627012535408803,-0.3748164511973005,-0.06123836313489353,-1.4675626893732991,-1.2561605977246273,-2.670250452571318,-0.2690503097447025
2008-01-15 13:00:00,-1.5816922576355643,0.2620792933081715,-0.02364384231283467,-1.430389054813869,0.17241584477045951,-3.386092533604407,-0.28491066742268434
2008-01-16 14:00:00,-1.066967567086224,-0.35338980183343954,0.19688661010858613,-1.0294925439756322,-1.0122198208399769,-3.0136781262535335,-0.2222619717131926
2008-01-19 12:00:00,-0.836702820537101,-0.8003686938615826,-0.13395420819870932,-0.867686203425703,-1.882854948563295,-2.277136891492735,-0.16997325113332945
2008-01-22 14:00:00,-1.914452344586379,0.07955685276688754,-0.026787080813222893,-1.6684229829713022,0.1786163463325012,-3.015113301281106,-0.28491752703627016
2008-01-22 15:00:00,-1.4821527494849487,-0.04168645892595084,0.05796214125374008,-1.3909290741528155,-1.0686971489995176,-2.8877327588520294,-0.2132502920764228
2008-01-22 20:00:00,-1.3716556408331788,-0.43081842683167715,-0.9098714391508468,-1.337319153649287,-2.4051218438292175,-0.8569671719358527,-0.13240368329608285
2008-01-22 21:00:00,-2.1043791910451923,0.01881023296132142,-0.3573410598366297,-1.791054646202242,0.05875412605096791,-3.168449185537344,-0.028646222667988407
2008-01-26 18:00:00,-1.5469026516737672,-0.2456488675486926,-1.2156765186443623,-1.4929038958842458,-1.505544364030608,0.10821348551209144,-0.2746975751269421
2008-01-26 19:00:00,-1.6064160289788,-1.6923913086700513,-1.0407116911312502,-1.4135317337455253,-2.381337826305467,0.08188066557599857,-0.2960664723196107
2008-01-26 20:00:00,-1.9337570861164743,-0.9887365311877215,-0.3745835435355776,-1.699549079054284,-0.9250600548877455,0.08928743666376107,-0.25957188871217685
2008-01-27 18:00:00,-1.8299992066591764,-0.42242173209719874,-0.34611713223293633,-1.4266082078186662,-2.7799612705702517,0.06269709954067175,-0.15808519768807353
2008-01-27 19:00:00,-2.194641091115075,0.08545730788044133,-0.6261920506189179,-2.1011564599384736,-2.6893650314801656,0.10716398416660601,-0.1447143757674616
2008-01-29 12:00:00,-1.5671854314617955,0.16628072134124108,-0.12691399016624602,-1.3105949386070688,-1.7525026471120981,-1.6740442739186334,-0.24322834462049917
2008-01-29 13:00:00,-1.5122076039775538,-0.32419856267131353,-0.1158558713270516,-1.3766223130729804,-1.0542573078902349,-2.774158100712686,-0.2759637985638099
2008-01-29 14:00:00,-1.8157413041914239,0.18913119491183075,0.05995845585094798,-1.585245511642021,0.17005986199813353,-3.4361766653925367,-0.2953195366887056
2008-02-02 16:00:00,-0.9414369988823393,-1.9760138651480383,0.19802516038449272,-0.7161639317386592,-1.647876602160953,-1.0474380208597884,-0.0911002019977359
2008-02-02 19:00:00,-1.3886537955233764,-1.3205267864341412,-0.8453468527740127,-1.1622733014453839,-1.4894609697117758,-2.2197007504278368,-0.23439869884999168
2008-02-02 20:00:00,-1.538251508129057,-1.499167851631013,-0.6929112565903816,-1.4684309660846724,-2.0052921732006053,0.06161906336810438,-0.2634752970838927
2008-02-02 22:00:00,-1.841595529916643,0.2197374166235991,-0.1471192802347678,-1.933191481061026,-2.1933590474724696,0.045372456202951994,-0.3049979152680694
2008-02-05 13:00:00,-1.6034295305304829,-0.629033078416961,0.07510788686241528,-1.367770514828438,0.1557165867257735,-3.1169921459130627,-0.24746757576784778
2008-02-05 20:00:00,-1.8001060358754637,-1.320774126317189,-0.3638479752409381,-1.331489359932567,0.12276765790332712,-2.936436995956041,-0.15256574928886354
2008-02-08 12:00:00,-0.9551804521628549,-1.493268580942768,-0.022749908778889542,-0.9816264542568478,0.15754916108015818,-2.7458139710291953,-0.17748301620538495
2008-02-09 20:00:00,-1.5961622861359412,-1.243347167623832,-0.16867700732246238,-1.2913295185346079,0.13165786055853848,-2.19767203144506,-0.39081567224484864
2008-02-09 21:00:00,-1.8552456651349543,0.20164919317619778,0.07332513083961707,-1.4498515968420398,-1.3085750235369726,-1.385601152156213,-0.4008304991197322
2008-02-10 19:00:00,-1.6734627650422644,-0.6837441943757298,-0.6163800156145045,-1.6627961516604743,-1.486749686629907,0.11389983250741709,-0.2672334608245469
2008-02-17 14:00:00,-1.4973563185920822,-0.010524171555538198,0.13412286175523136,-1.252133212331559,-2.0095580948260214,-2.3979613566762437,-0.30059385623198176
2008-02-20 17:00:00,-0.7239913184458576,-1.652878992287509,0.1904551584212283,-0.5861965415017966,0.16112052162316143,-3.8778683562323915,-0.22179058415754654
2008-02-20 18:00:00,-1.2093112661479728,-2.6177412236357975,-0.29674519193910004,-0.999885451582977,0.13759185479508462,-0.9282334538061042,-0.346106155438558
2008-02-20 19:00:00,-1.7358117948020788,-1.0788067942261426,-0.26547259289973857,-1.56687387816209,-2.0402156259891346,-0.7115971863651626,-0.16161656945943384
2008-02-20 20:00:00,-1.5724318308269354,-1.0866740705395084,-0.567228845208092,-1.3305188696425398,-0.6986629150665293,-2.126666932442292,-0.1409790331180513
2008-02-23 19:00:00,-1.6681602782298952,-0.8581244730128856,-0.8992063483944724,-1.497246021326573,-1.1376120575605866,0.1443223421569918,-0.21524575454860176
2008-03-02 11:00:00,-1.100267656126605,0.28534683737338395,-0.5749548254859248,-1.0127505652792288,0.1847691483206362,-3.7903783556104527,-0.17320317217169814
2008-03-05 18:00:00,-1.6612519962122532,-0.5799178921791818,-0.1650842500661799,-1.2868723020833395,0.1494029197052406,-3.1527602843703795,-0.16600300786874486
2008-03-05 21:00:00,-1.8463938127403416,-0.27225254352310896,-0.34324770288952694,-1.630876231691692,-1.1300884960735158,-1.705083514886089,-0.35022771373552886
2008-03-05 22:00:00,-1.77278352059859,-0.026056940259372316,-0.28460778670212916,-1.7440372223429257,-1.3030126123750454,-2.1360623667723315,-0.16433107553338971
2008-03-07 11:00:00,-1.9862109124401093,0.07237026797225554,-0.37589495627782527,-1.6607227461148886,0.15877955666265137,-3.176103969925412,-0.32950413819830676
2008-03-08 19:00:00,-1.6506641754976843,-1.367235259805331,-0.2595301866901015,-1.4630812973373226,-2.0676266649015758,0.08996498814093688,-0.2802485884156843
2008-03-08 20:00:00,-1.716718637711308,-1.2336048471704668,-0.2712875416520704,-1.283784341411092,-2.7719776819286195,0.09854979679586172,-0.314942055525395
2008-03-11 12:00:00,-1.329729074567864,-1.4202502336833465,-0.350556868138569,-1.1855119341041078,0.15298040259774506,-1.973680828915334,-0.2219809870664093
2008-03-13 20:00:00,-1.704047408548034,-0.05367923587570363,-0.7310173531363485,-1.6866489306863237,-1.187654402658932,-1.5964546863818112,-0.2626626343364989
2008-03-13 21:00:00,-1.768170199076445,0.17304435481642402,-0.6119301695934868,-1.564176553799312,-1.1674310450181027,-2.662156470318503,-0.4185787080094281
2008-03-17 11:00:00,-0.9667351730488448,-0.3436419558859328,-0.3918008801967603,-0.9543496797462963,0.17471174686368637,-3.468404673291627,-0.2657655360014186
2008-03-18 16:00:00,-1.7989521802339314,0.19564254449959848,0.0044592311090704976,-1.4847739740035857,0.16745467879692705,-3.4854123702512454,-0.2785611139774707
2008-03-21 16:00:00,-1.2477066644187969,-0.5802142633739148,0.17172147820192277,-1.087149406747362,-0.6332365486725916,-3.1557208599399638,-0.24140453013628008
2008-03-23 14:00:00,-1.2440697097706912,-1.0910583345192315,0.1596352258613564,-1.036627685863814,-2.8947153380399433,0.04051686421000183,-0.2650792525397668
2008-03-23 20:00:00,-1.5732515430223513,-0.3124044686527484,-0.1434477488787591,-1.5464097274182882,-0.9473755683881893,-2.6419375553119058,-0.2669535056147792
2008-03-24 09:00:00,-1.1435721420552574,-0.1750465730785263,-0.065002484342553,-0.9902161228111656,0.18067274842166997,-3.657053364732466,-0.3957320862161662
2008-03-25 13:00:00,-1.5021634368808023,0.1382523686471238,0.05006856425277125,-1.2626771829347458,0.18469727140333245,-3.5583740952917897,-0.20185808115938778
2008-03-28 19:00:00,-1.7222482444336826,-0.9969040947908269,-0.25303553790194705,-1.329530072989939,-2.3074832049133556,0.10656111649241641,-0.4235831976694876
2008-03-30 18:00:00,-1.6211949133359145,-0.12126984018628222,-0.22734188015202295,-1.4413988649714835,-3.024252664807484,0.1296106231565574,-0.38445133598760134
2008-04-01 14:00:00,-1.5498581464422003,-1.3511081774310723,0.16065603962367098,-1.30219616537835,0.1338435117912857,-2.957756480554919,-0.2776592823733231
2008-04-01 15:00:00,-1.3732100388714736,-0.9654941744742485,0.218254473637865,-1.270443044152194,0.1575267673237812,-3.1997196039913383,-0.16942762078492526
2008-04-02 19:00:00,-0.9349440045338501,-1.0707423573601458,-0.7157567940927777,-0.7881076888176607,0.1497678734669927,-3.4204445479269148,-0.24307379091557607
2008-04-05 20:00:00,-1.5393843445734054,-0.8878091637829522,-0.27143432931911265,-1.3058517923700526,-2.283732885887309,-0.01205534934663161,-0.2749541574084262
2008-04-06 11:00:00,-1.2825485267022525,0.19658061524951,-0.24808263584249451,-1.1312587396394427,-1.0843650443719148,-2.5807888941782826,-0.25454016556828013
2008-04-07 19:00:00,-0.89440256516631,-1.23279344431544,0.09888054045585823,-0.727935809016517,-2.7059496262715954,-0.7818052817289457,-0.287326821776297
2008-04-08 10:00:00,-1.7187786074548677,-0.8288658344556536,0.15328176742436056,-1.5916436331024924,0.14458571397888786,-2.9956136182262014,-0.43301145690822185
2008-04-08 11:00:00,-1.743198536534321,-0.9975420607342128,0.1908406745750395,-1.612240373517293,0.14040986665022068,-2.9774159638035838,-0.380384513798373
2008-04-08 12:00:00,-1.169483748760457,-0.9631322008552018,0.06169576486451459,-1.1119927353370007,-0.6825099827577691,-2.828047462823916,-0.2873713131052982
2008-04-08 13:00:00,-1.199349416087106,-0.25599029307317933,0.10799689443348547,-1.120491018050246,-0.767324709275569,-3.111741817607137,-0.3655162206873875
2008-04-12 14:00:00,-1.1294280473731797,-1.9116249387405144,0.16073698825140367,-0.8736845983520527,-1.9829045393725242,-1.009714590408205,-0.37928558099237686
2008-04-12 18:00:00,-1.4723014720506424,-1.3803091868256039,-0.008289297806705287,-1.272290129323991,-2.126784840261027,-1.6784777896428902,-0.3971880845438879
2008-04-12 19:00:00,-1.4504576940258143,-1.8931835495832727,0.2095530396585418,-1.2866925153483326,-1.5632977682198026,0.09203800673935564,-0.3037073319655578
2008-04-13 17:00:00,-0.76624370708517,0.01652607024851409,-0.3227126784865276,-0.7182131897549874,-1.2342168879684217,-3.5277575790827447,-0.14854300213077423
2008-04-13 18:00:00,-1.333699427492885,-1.7107949655736694,-0.5353472507616365,-1.1397727140970713,-0.9042353233991538,-1.5901392961169054,-0.27600108442755544
2008-04-13 19:00:00,-1.1102646603823612,-1.354144090702015,-0.9417836024809318,-1.0282801431722364,0.13404366321526642,-3.136493824392261,-0.06616873356944936
2008-04-15 12:00:00,-1.5092792165240312,-0.5994067793062319,-0.31608018774971935,-1.319786941475444,-0.8748688051296614,-2.6553457561284977,-0.2384958719020484
2008-04-18 12:00:00,-1.1136586393163268,-0.3292938726774138,-0.010571258347083824,-0.9779225610368113,-0.498670629580647,-2.963198446757535,-0.4085872912996074
2008-04-19 15:00:00,-1.0840590103204608,-1.9087745192616163,0.1713097915175339,-0.9173179312584876,-2.2320980106167254,-1.7255827871873957,-0.3223069175690037
2008-04-20 21:00:00,-1.6591719045135431,-0.711716296784554,-0.7753485564767497,-1.394074667423988,-0.8682648668817521,-2.5313941079436724,-0.17860399555044024
2008-04-22 15:00:00,-1.2943326553811316,-0.6081998232429477,0.09385097977466543,-1.1197022658933664,0.1607593570044451,-3.272536304584776,-0.4334902493533193
2008-04-29 12:00:00,-1.6164712830064525,-0.8205080865129175,0.09594764565753805,-1.426837854101172,-0.6054253081762864,-2.763717319921214,-0.4532844702979084
2008-04-29 13:00:00,-1.4953022794022668,-1.953920941195068,0.17211469153490414,-1.1953476495811322,0.13376804349763113,-2.494380027721917,-0.3141151982376999
2008-05-04 18:00:00,-1.1159906827182984,-0.8374864301974886,0.1050094095802818,-0.929513326410865,-2.5452843634939852,-1.3149366548976549,-0.25905765858464896
2008-05-04 19:00:00,-0.8206899966017129,-1.8067469933024418,0.0842619986521123,-0.7806283014845434,-1.436643653839151,-1.814885126651207,-0.258239169229986
2008-05-06 15:00:00,-1.3685606618882529,-0.8931977807623146,0.1342784118695283,-1.1028281056235716,-0.9741007169661566,-1.884123599950351,-0.3257089958066471
2008-05-08 19:00:00,-0.7140296304343583,-2.226633390578482,0.038838879236753256,-0.6675814069043604,-2.798639079183157,0.11815952968585024,-0.29245450268117723
2008-05-10 16:00:00,-1.3897965997879953,-1.9309024656363534,-0.06398740376275197,-1.322533468631876,-2.6968458912017574,0.10005663035794421,-0.41169210455412647
2008-05-14 17:00:00,-0.44843946146537295,-1.6509054958607545,0.23551535854235106,-0.3919282697282029,0.19071388195710276,-4.13633863543799,0.05727540922824554
2008-05-18 20:00:00,-1.66829689234825,0.1345713670958705,-0.28347682594948,-1.4553140797224215,-1.0223574994856661,-2.134443589654758,-0.49964343376490067
2008-05-18 21:00:00,-1.5957145918047002,-0.16702077115682704,-0.24907302784314886,-1.393631712049004,-1.0223408619742573,-2.2858035835572648,-0.342544830315956
2008-05-18 22:00:00,-1.0081815450569611,-1.0829984572358997,0.2304897174031206,-0.907271597269252,0.16865761296746512,-3.7779161277471434,-0.07935875853192946
2008-05-20 12:00:00,-1.41751704918701,-0.41854627384894566,-0.24861026827618862,-1.1666585725727208,-0.9205515076882631,-2.541012078305858,-0.2651214497856792
2008-05-25 19:00:00,-0.9763605567554352,-1.9630545573024614,-0.019572482766947768,-0.834511381638737,-2.211768860040388,-1.0423440975992468,-0.07747712061918782
2008-05-25 22:00:00,-1.396339781666508,-1.213761930581935,-0.20505895602900287,-1.1701966369627907,-0.8486725892730851,-1.676551650333786,-0.23610939534216427
2008-05-27 17:00:00,-1.5180577601119554,0.23089203640980455,0.07566957644959689,-1.1899755133268686,0.1725120404011273,-3.5323533233172477,-0.4973521095867432
2008-05-28 19:00:00,-0.53586570136793,-2.6210485296577266,0.18560388296672786,-0.3375087411485588,-3.301512498262344,0.046274311660069394,0.09542197719508358
2008-05-30 11:00:00,-1.393310773119374,0.25187327613719407,-0.34639415903488313,-1.121040777588768,0.16368794707268247,-3.438804141431368,-0.2771457902062427
2008-06-03 20:00:00,-1.2507881939509964,-1.4496386253362605,-1.179827673333795,-1.0095769552611888,-1.3471789568230144,0.05623566350184249,-0.24324154937785686
2008-06-04 07:00:00,-1.3540233497869527,0.18451454520534355,-1.4199384261737067,-1.1502453344314993,0.15738368540955794,-3.125819189230978,-0.2063198148962865
2008-06-04 11:00:00,-0.6986959357172526,0.13842618581602406,-1.2749472796237693,-0.501490111715123,0.19693818276753258,-4.014868842607028,-0.06416058037983537
2008-06-07 13:00:00,-1.5378461721830408,0.03042126771906878,-0.27975623543831873,-1.2197111703327612,-0.9343368511937543,-2.6370821067578585,-0.37781715189467485
2008-06-09 08:00:00,-0.756843009285971,-0.027688587947409478,-0.5617294231389882,-0.8686219416159663,-1.0754700309426564,-2.659906495120109,-0.2014892009273854
2008-06-13 14:00:00,-0.9969133281217394,-0.64607209608361,-0.21147384832947097,-0.9509936618277078,0.16437551440075138,-3.5098867912178244,-0.23976011922525156
2008-06-13 17:00:00,-0.680529570199703,-1.7950650723192836,-0.09133093156822654,-0.6567461418844134,0.16905023374000053,-2.732897013140681,-0.38118999736868864
2008-06-15 12:00:00,-0.7876755856442945,-1.4364274143744111,-0.0029468147607027207,-0.7128806048350339,-2.122869415281961,-0.8449366615746224,-0.19933883364715962
2008-06-15 13:00:00,-1.4172662761664927,-1.689297537598758,-0.052000325679933235,-1.376895640126993,-2.690152528842632,-0.026437862103094015,-0.4407175375790575
2008-06-15 19:00:00,-1.4707636335412533,-2.1542298341789996,-0.05129100405429423,-1.0729763973829278,0.12491598343520718,-3.0392530001157274,-0.0902835465487855
2008-06-15 21:00:00,-1.494668353696794,-0.9531059158666196,0.08422346686297014,-1.2204723773127975,0.14593798142644013,-2.9621335891184173,-0.2747807036493049
2008-06-18 16:00:00,-1.2345754494900405,-1.3432843955069687,0.04065992016547584,-1.0856266913281578,-2.08528048202791,-2.5978718139306296,0.009141834718964148
2008-06-18 19:00:00,-0.9277943218874665,-2.2159730009304646,0.06571121140262257,-0.7606155945808437,-2.4050460141617425,0.11851951070115606,-0.25490434903680687
2008-06-20 19:00:00,-1.2656278871514652,-1.8480179789478908,0.05598015826245784,-1.073174091308976,-1.3029994440548929,-1.0999065092064237,-0.3333056092660963
2008-06-24 11:00:00,-0.7086194627498744,0.0701246436767273,-0.9178747047221073,-0.8403964979885276,-2.547024486403964,-0.9104929666064465,-0.29458169449517024
2008-06-24 14:00:00,-0.9238944418182699,-0.16889494594304608,-0.6811863098313109,-0.9652536837659065,-0.9964489087708623,-3.1264485332563035,-0.2186833200351169
2008-06-27 16:00:00,-0.5426078345932855,-1.919947085841669,0.06655894386063244,-0.4153120675403734,-3.1353526190423837,0.11149784332064572,-0.25866628013854476
2008-07-01 19:00:00,-0.8904591884992246,-2.132456608437098,-0.2625915542703299,-0.7754631581761957,-2.8786762044842824,0.06369794504379525,-0.36150373633647803
2008-07-03 21:00:00,-1.3475820821121238,0.19146787264610934,-0.07378614221418188,-1.2208123640848094,-1.040287107714674,-2.3511846817128945,-0.43547021265382885
2008-07-12 13:00:00,-0.6375720880793608,-2.225833366490242,0.04311405019673176,-0.5166609883900903,0.16939613931201297,-2.743827786518333,-0.2281694506727953
2008-07-12 15:00:00,-1.5217498402279193,-1.5991287238473235,-0.25289378954430247,-1.3722026559393443,-2.579199271399523,0.02330773985393898,-0.3742115309296205
2008-07-16 21:00:00,-1.7815879535111248,-0.4291952427379111,0.09897972449652051,-1.4436184874987879,0.14685590638972115,-3.1885274715500738,-0.34133438040423764
2008-07-19 11:00:00,-0.6492007663088007,-2.0720157920238713,-0.13393216232121155,-0.5865309966228773,-2.274629765277083,-1.6361351930114316,0.011255040925543316
2008-09-06 10:00:00,-0.5926012597628455,-0.4364123812624803,0.11043853594137344,-0.6450868963729787,-1.2086585552767333,-3.8093486773008074,-0.006082186728435887
2008-09-06 11:00:00,-0.5029668719640966,-1.0661697344506063,-0.24065077311154245,-0.5396335848228067,-1.11840161857258,-2.8421165149028753,-0.023339806405272466
2008-09-14 12:00:00,-1.2435601031555106,-1.4473193379603198,-0.08782648372451207,-1.0672162650888466,-2.798709615491184,0.10974313673953952,-0.2785020654204533
2008-09-18 20:00:00,-1.141395692145031,-1.3735430810034814,-0.2373954407325479,-1.0027371054287433,-2.736207321937212,0.16161361777688088,-0.29120284638284744
2008-09-21 12:00:00,-1.0515834467574854,-1.4585102538411459,0.05056056033722318,-0.9181463745625479,-2.0322787396944935,-0.9874667920554977,-0.3120946713689868
2008-09-22 20:00:00,-1.5071566514579204,0.139634973690516,-0.6215723977567329,-1.3879875190808317,-0.988550846241559,-2.648039424232814,-0.257466268013217
2008-09-26 19:00:00,-0.9582416417053996,-2.4546466715348565,0.10016072613026575,-0.9122585565665629,-2.3157770974662615,0.1368763088113323,-0.2687824528788329
2008-10-03 20:00:00,-1.6154219647831605,0.06021579270369248,-0.11621566810230455,-1.3830343894832637,-3.311065916502863,0.11557433518684365,-0.45621453417038954
2008-10-12 19:00:00,-1.3528785012605054,-0.9219875528330163,-0.8240509553292249,-1.3523083370978404,-1.2036660848045695,-2.240758966371258,-0.2585069618297211
2008-10-12 20:00:00,-1.9817418718572393,0.21627055689193403,-0.6695599541170948,-1.7677565819926642,0.13815436864577108,-3.007160101947016,-0.478760055518524
2008-10-17 20:00:00,-1.9722950049318522,-0.04256552247503785,-0.36073261425795794,-1.7264427455190952,-0.10267801151544015,-2.887556138952407,-0.31410984095318273
2008-10-18 23:00:00,-1.8763527462417608,-1.4459866796262675,0.05490573661444812,-1.7788759448600124,-1.4252447156304902,0.10642636945196252,-0.2635906744955652
2008-10-19 00:00:00,-1.9554335173282322,-1.3754391535927526,-0.0890642006954515,-1.6555712875501916,0.12113561654182263,-2.175435664806343,-0.23664870287702988
2008-10-19 01:00:00,-1.5207285635774221,-1.354865411040887,-0.4235303470192689,-1.289239393137566,-1.1254811555224349,-1.994221668988543,-0.35084446168904804
2008-10-23 07:00:00,-1.9300966821325425,-1.6811148538658065,0.10910372988438492,-1.6465592945626004,0.14799531084526696,-0.724078520793148,-0.48578084959655193
2008-10-23 20:00:00,-1.8288097165580506,0.16135387560858971,-1.0828422952357764,-1.5098738597571968,0.15999457732298475,-1.5027322920104522,-0.4896550078102788
2008-10-24 19:00:00,-1.533607215194759,-0.797410106662608,-0.5633990253220376,-1.4129874909600741,-2.104936991325241,-1.1906662848360094,-0.11590388667444915
2008-10-24 20:00:00,-1.4998723173893234,-0.9335956574147809,-0.2699474781536976,-1.3062926975502613,-2.118900090906967,-1.5508780667086337,-0.32942469285150955
2008-10-24 21:00:00,-1.9124717364268164,-0.8844029938363851,-0.7968198004783075,-1.586598761681875,-2.5312255850452803,0.09320410162008666,-0.44732602460616355
2008-11-04 18:00:00,-1.9689723152012522,-0.04115231130481404,-1.1403489490257044,-1.571055647930634,0.15775411488798186,-2.2399952008264963,-0.13569083786850858
2008-11-04 20:00:00,-1.9171084729283072,0.036295158312701706,-0.6336085336592021,-1.6530761344983147,0.17890017180920126,-2.143479489554721,-0.3788854780190863
2008-11-04 21:00:00,-1.9391922505428638,0.11739013287725136,-0.20220919708945861,-1.6880251086880749,0.1638370437351695,-3.2709729254902706,-0.3141344919824702
2008-11-05 08:00:00,-1.532261549891758,-0.11008077881541443,0.10292664816312118,-1.315477676093524,-0.13831103037573106,-2.9235000138130145,-0.26991089144239666
2008-11-05 11:00:00,-1.2440449720911995,-1.532848708144985,-0.09456125032620126,-1.068991426443589,-2.9192647138145023,0.05918214757019262,-0.11399456493714417
2008-11-05 13:00:00,-1.3166932877942277,-1.1255094447595455,0.010098654761510745,-1.1928097044468138,-1.2321433773097004,-2.140624085055905,-0.19058983230680163
2008-11-05 15:00:00,-1.0975660807472354,-1.5408842227142416,0.200204433644158,-0.9824769375685873,0.14680202999693442,-3.554626959862502,-0.2440814506797665
2008-11-05 16:00:00,-1.5415759476520212,-1.8352850749306233,0.041519161212011005,-1.2198265414293226,0.1268788042969178,-3.135291338442424,-0.012743458629223115
2008-11-08 22:00:00,-1.750294780345371,0.09899459140782597,0.05112903514544715,-1.3432358972796619,-1.22137382855897,-3.0691868638167983,-0.18240188956958492
2008-11-09 17:00:00,-1.7183884865140049,0.14925227947757325,-0.962970034948964,-1.6280538294095603,-2.2400019947310748,0.13609391872116322,-0.2875287287636504
2008-11-09 18:00:00,-1.5372144023108925,-1.2667276637671225,-0.7962362997518879,-1.4215861349012826,-2.3476755594298253,0.0881350113601916,-0.25015898334295456
2008-11-15 15:00:00,-1.4541661511341486,-0.3737761009461333,0.07022695312760066,-1.3175043266859934,-0.8144344900732342,-2.8934044526034546,-0.24693478937984373
2008-11-15 17:00:00,-1.6808459695491662,-0.08891537432144381,-1.02677404767173,-1.5870737468432747,-1.0874110439291103,-1.4223673898932445,-0.26918145945059063
2008-11-16 19:00:00,-0.9655454891265391,-1.1373139813256277,-0.2022205197745443,-0.8279786870628999,-2.0214435953313044,-0.8656009845957506,-0.28299830991428976
2008-11-22 21:00:00,-1.796658123909493,0.07123261107778069,-0.6521413771342163,-1.5457364533256868,-1.1952023210353533,-1.0702236982304238,-0.3975384342869449
2008-11-23 12:00:00,-1.3650933749470118,-1.2750911643631022,-0.005678883465019941,-1.236255638758434,-2.344887844667933,-0.9525872709314049,-0.24721397910719822
2008-11-23 15:00:00,-1.6085882757276886,0.13227890176134535,-0.04536980941858277,-1.1861444428031094,-1.3991180056465775,-1.909142384100961,-0.2162744311257415
2008-11-23 17:00:00,-2.1398956795737782,-0.24659131041091464,-0.6923106593188147,-2.0124208131033576,0.15029385210894422,-0.9454347956690304,-0.349170118112871
2008-11-23 18:00:00,-1.7696093344723975,-1.1133192706337844,-1.0482343453326284,-1.4547288787956265,0.11467903237076899,-2.556728711297382,-0.2471465616107076
2008-11-23 20:00:00,-1.7672018708181974,-0.7332255058825121,-0.8116689255449053,-1.3976639279660412,-0.828485133726194,-1.8329136143699978,-0.26593197633825366
2008-11-25 19:00:00,-1.772182982954731,-0.9127202565011832,-0.03705152192927544,-1.6069976580467373,-2.8309258385340663,0.06923051972616504,-0.3322940551890437
2008-11-27 19:00:00,-1.7956723448374479,-1.0683055389277647,0.016285133744809215,-1.3582015043187625,-2.1954298759186273,0.09026212603941516,-0.39214031839484303
2008-11-29 19:00:00,-1.5771209883640702,-1.6968625992699573,-0.03516311212355003,-1.281909320118053,-2.5456302807883544,0.11797879112615965,-0.4582189917828085
2008-11-30 20:00:00,-1.9518450992556238,0.10444447732217939,-0.33344975385746495,-1.5733168872032104,-0.9969405115646506,-2.8039826482997907,-0.2778344698258197
2008-11-30 21:00:00,-1.7216713240357189,0.242514399194212,0.0005750206551760955,-1.6621101562484384,-1.4493723528863125,-1.3913996215059476,-0.25166790960582075
2008-12-06 10:00:00,-1.6097439759672638,0.20378703262403916,-0.2520255166676598,-1.4441344392076059,-0.8120299245542113,-2.9527497754752083,-0.3042415338446503
2008-12-06 11:00:00,-1.1166745970978549,-1.6831874587188418,-0.1353927625818505,-1.053147984785732,-2.242051867536761,-0.4354857863537551,-0.2349330924216919
2008-12-06 13:00:00,-1.4441548510113955,-0.3271193463203553,0.08157378058102818,-1.3998373895571439,-1.2801478526034002,-2.830051601064815,-0.23669873321461482
2008-12-09 19:00:00,-1.1227688083928622,-0.9046410551392605,0.08874258915278228,-1.0008357882991423,-1.802239665743929,-1.2094490092456134,-0.22467774478699626
2008-12-10 17:00:00,-2.1180634774303777,-0.05768385466771252,0.19003748502464046,-1.6558770136953802,0.15331451714931815,-3.333431827891419,-0.17849899901574795
2008-12-13 16:00:00,-1.7066708471258234,-1.4480556239051392,0.16314065203455047,-1.3834395225693497,-2.596148745370899,0.07245918777743239,-0.4055740282381512
2008-12-14 12:00:00,-1.3865202156980236,-0.9639482691694142,0.09300980680039588,-1.0594630437546193,-2.6453473501038864,0.11479031193111207,-0.4489438252864798
2008-12-20 13:00:00,-1.383055499898594,-0.835991681750052,0.19205725436782828,-1.1038391541953265,-0.54434550677748,-3.0501899083369257,-0.21906849716751334
2008-12-20 15:00:00,-0.7229338093026436,-1.5309270080710322,-0.05082271364881612,-0.7148882037705011,-1.048533508837367,-2.80364120126306,-0.22909597763137685
2008-12-21 11:00:00,-1.7466397165416265,0.24822693281424715,0.032288873432533595,-1.4717953800461698,0.16893181040758806,-3.4047955851562373,-0.28262550491612537
2008-12-21 17:00:00,-1.6371876321932013,-0.8769475281054647,0.10902021594235843,-1.5654986452926305,0.14875821055295127,-2.96780442057132,-0.2438676012227432
2008-12-31 20:00:00,-1.7998424040017527,0.22871266814397206,0.020740830182775855,-1.8774057984028456,-2.8101181858545554,0.08280318492895515,-0.30463662256587537
2009-01-01 20:00:00,-1.9710589172593966,0.1567320339183139,0.08974770542129308,-1.4750973448738482,0.16188474678782597,-3.587602610213208,-0.20636673964877275
2009-01-03 11:00:00,-1.332104745876171,-1.924884808216049,0.06143794027838533,-1.174886569880134,-2.80356898602375,0.10433171523134051,-0.28508751842524366
2009-01-04 14:00:00,-0.8436903775137831,0.09880015761648853,-0.13469296069357112,-0.7694872231213095,-1.359876327183861,-3.138010223225576,-0.1991332464333149
2009-01-07 14:00:00,-1.4459409268933587,0.1023066800727116,-0.4504064184919612,-1.1926308235623795,-1.2331722419215483,-2.9770573546999253,-0.32776430278155355
2009-01-07 19:00:00,-1.8818875267125312,-0.3339171477342228,-0.45282445723628284,-1.7413652966961786,-2.0124717961016754,0.10528692853654613,-0.1954237410897227
2009-01-10 17:00:00,-1.4519718286368806,-1.8024344242741102,0.059512352202386105,-1.199516840994231,-1.9323115561880821,0.1063897222991551,-0.2302825501680759
2009-01-10 18:00:00,-1.5714229521618426,-1.740231737978079,0.07912456616975963,-1.2099735381480865,-0.7499821023558736,-1.0059297216745349,-0.21907992477626798
2009-01-11 13:00:00,-1.6787456232385434,0.11825319741833529,0.08771964382347482,-1.3964268518988134,-1.2368708855212212,-2.9128605562642416,-0.36644750590290065
2009-01-11 19:00:00,-1.8558016138534965,-0.9134437336010494,0.24194689228704053,-1.4331014079155333,-2.1585510187829846,0.13142269081796784,-0.40376673397932455
2009-01-16 17:00:00,-1.6505636282413192,-0.9450653527708107,-0.3001621804132407,-1.5199884014076042,-2.0280246962044197,0.09388797302979608,-0.26127051034419185
2009-01-16 19:00:00,-1.76079219495078,-0.8120328883863976,0.05702559092934059,-1.5560497113869323,-1.8581863390677489,-0.9505082701710382,-0.26645344545961086
2009-01-16 20:00:00,-1.4624676158059906,-1.3811044464469455,-0.12320301042484004,-1.2147626577795951,-2.0314340141861704,-2.247097705334641,-0.2702917051883388
2009-01-17 16:00:00,-1.3899388208879977,0.08370579376689093,-0.07155129911129426,-1.3159179786215893,0.1747947339379155,-3.880846988454718,-0.21270015827627237
2009-01-18 09:00:00,-1.3361171633953994,-0.1938595931396833,0.11561062122188959,-1.2144135297650382,0.1768224654714118,-3.792557049444732,-0.23447550717900642
2009-01-18 11:00:00,-1.6472630746178514,-1.3640652043651107,-0.05264280240182882,-1.2010240295360972,-2.839233819682592,-0.03959088030741493,0.007882324901965616
2009-01-18 14:00:00,-1.5891350819506493,0.04356087595695857,-0.06517053739317842,-1.2808009191482452,-1.0995068966722765,-1.8710830081509136,-0.39049500881741894
2009-01-18 15:00:00,-1.5582351148814948,-1.3166215514709827,-0.254503972078339,-1.2166363006553396,-1.04271860317383,-1.3784119110022381,-0.31724419053792957
2009-01-18 19:00:00,-1.5131688011534818,-1.6346576248290297,-0.2023131794843051,-1.3508431992171597,-1.5778890570316642,-0.5907606319992305,-0.23103113708567596
2009-01-18 21:00:00,-1.7179749564955251,0.16023804905955275,0.05816205030198061,-1.6911051145820992,-1.1041354842755084,-2.4163013814289127,-0.2527114352312099
2009-01-24 11:00:00,-1.3547544424541271,-1.355414942080323,0.05481445567329424,-1.2527368285938347,-1.605623632091733,-2.4620033379911375,-0.23285566803683966
2009-01-24 12:00:00,-1.3506662712573907,-0.3207164466847339,0.1827320331297242,-1.1771528102551678,-3.059298372262425,-0.6097158341168741,-0.4319960456576991
2009-01-25 12:00:00,-1.089287998183058,-0.16943581712300168,0.010410164150019465,-1.0206069711534953,-2.240970575539037,-1.3769529362305915,-0.2421436925564407
2009-01-25 13:00:00,-1.3575369562751056,-0.8452780140950035,0.1922422511223869,-1.2594772545299184,-1.2018386039455196,-2.7129532599816355,-0.23778670886876405
2009-01-28 15:00:00,-1.9306756012201223,0.20649684843585786,-0.09814468425825973,-1.7789315871782194,0.15944436409716978,-3.268737134614336,-0.4794887071385041
2009-01-28 16:00:00,-1.9803912680174163,0.20686230836483516,-0.05661837058326972,-1.7927650292533182,0.1588603430954814,-3.2728472748857267,-0.5183552655804515
2009-01-28 18:00:00,-2.2239064536987567,0.15366793381665386,-0.20953027943788333,-1.752261471540989,0.16676592121877593,-2.898387348975463,-0.05221946904012357
2009-01-31 14:00:00,-0.9044407360497667,0.13727786997117158,-0.09676212324881861,-0.8534153351919729,-1.6016062187845497,-3.4703043716738753,-0.20597666491857775
2009-01-31 16:00:00,-1.2149049042641176,-1.8120479251406247,-0.2707245380097781,-1.0074467551333999,-2.4707723225948626,0.12372838364443689,-0.2763799151690884
2009-01-31 17:00:00,-1.4703770069417261,-1.4284506114862057,-0.13099469278372647,-1.2892368457657475,-2.157996097439908,-1.3877301750185091,-0.2885426075879143
2009-01-31 18:00:00,-1.6459898346965225,-1.2501573991782653,-0.43838030603246525,-1.2777400953567382,-0.6546443143892756,-0.9956081350078393,-0.22737657724049398
2009-01-31 19:00:00,-1.672259787562531,-1.379999399587207,0.05096116809684612,-1.5093925283726386,-2.008504980489248,0.09079950418972561,-0.2601740996180759
2009-01-31 20:00:00,-1.6888760430481167,-0.26525979869203126,0.2260982110705174,-1.597270041850818,-2.5564350537079914,0.13892422952200717,-0.38193582844796925
2009-02-04 08:00:00,-1.5596614019799235,-1.1771828612286495,0.21537298095323876,-1.4122781680395595,0.1440072821035099,-2.890880921455087,-0.23383961514627968
2009-02-04 14:00:00,-0.719868426760246,0.23750722198266086,-1.1085199220548707,-0.5505567166988325,-2.062319427652415,-1.9094865901277414,-0.29181398391248775
2009-02-07 11:00:00,-1.4580742122453336,-0.8430691849713052,-0.05446969035449692,-1.3002794533109627,-2.9884474239634873,0.1141739221272381,-0.34043626043570824
2009-02-07 14:00:00,-1.684299884219086,0.11208716642698562,0.02258698387926487,-1.5349219971394046,-1.037959987652024,-3.0319045449651276,-0.24332740547449777
2009-02-07 20:00:00,-1.7132741604965884,-0.5934784352648246,0.2177142358197774,-1.6756466183132552,-2.748849217054874,0.11703636869392563,-0.35431275356947317
2009-02-08 18:00:00,-1.5064810908474002,-0.47658331553334554,-0.191862661972683,-1.3775533432894453,-2.712985685728547,0.13536702621767072,-0.3308221584991191
2009-02-11 12:00:00,-1.507803815592688,-1.4598658209005237,0.04849239916404253,-1.4364273153684373,0.12122967880205163,-2.8351199635067115,-0.22345263567011017
2009-02-11 13:00:00,-1.2759822748659644,-0.9356848234536068,0.20961383143451007,-1.0999584087648826,0.16729316633380775,-3.2868007452505363,-0.135493189195209
2009-02-11 18:00:00,-1.6336380410511608,-0.9280688646516667,-0.10311408815473465,-1.402735749960669,-1.2727037610740812,-2.480269314168282,-0.2851109813941418
2009-02-11 20:00:00,-1.6517193980772755,0.09267983035061658,-0.3277983953061164,-1.5735400063211162,-1.5989813192681428,-2.2306493045222062,-0.14059576745546562
2009-02-14 11:00:00,-1.276202403140825,-0.9266161198379553,0.01583384962162015,-1.0694137881285253,-3.1946335946285562,0.09450428625198388,-0.27926636367003754
2009-02-20 17:00:00,-1.8166837791206427,-0.310735253419882,0.11088544154252596,-1.4712886138212289,-3.2238070043325124,0.13121405826721708,-0.1457666545978712
2009-02-22 16:00:00,-1.2621810326418759,-0.8599258839535526,0.23186462981651873,-1.0279979332758877,-1.3994007284502485,-1.9635801214013686,-0.20279315205039036
2009-02-22 17:00:00,-1.574713403155327,-0.22276473314384973,-0.4500768891950613,-1.5820055250339333,-0.8446847672137779,-2.7759861142856623,-0.29006524433080344
2009-02-22 18:00:00,-1.6987871483740857,-0.21209396454795243,-0.17510670335075393,-1.4758017474419356,-1.0191457706312639,-1.3530117325670366,-0.2709614792624953
2009-02-22 19:00:00,-1.566170218281231,-1.0584876358946065,-0.32559898763441686,-1.3310184009893833,-2.2310407880370606,0.10883691363831922,-0.2967504241853626
2009-02-22 20:00:00,-1.9111147147631047,-0.7045255007609178,0.1897095730782466,-1.646186560293212,-0.00037317446531152373,-2.9953369028653274,-0.3198974093886117
2009-02-22 21:00:00,-1.7567960339183961,-0.4450782379212846,-0.124476947639137,-1.5574745840650992,-1.036088411166234,-2.8233122023532133,-0.09737794353633726
2009-02-23 22:00:00,-1.712723138335026,0.1790395490947535,-0.001045162924779375,-1.4999477403634165,-1.2680356462425628,-2.537665780696116,-0.318923105986344
2009-02-28 17:00:00,-0.6808628442440878,-2.4675376876639734,-0.16978006512738264,-0.5893208401682744,0.15013068171789326,-2.6738320538076517,-0.23713447732058912
2009-02-28 18:00:00,-1.1098761825290229,-1.7624016212186626,-0.3586652160218288,-0.8469843555030987,0.13248733060731638,-1.8779279860797762,-0.38159477608064285
2009-03-01 09:00:00,-1.3038826542079753,0.16912295374799022,0.12659188749021127,-1.0934823438605596,-3.1164894350824373,-1.1812031894519455,-0.4006390679069152
2009-03-01 10:00:00,-1.2983620019498057,-0.7350181202049335,0.11279580923781309,-1.062354550452549,-1.3850836271838585,-2.147778787614869,-0.3624214746143135
2009-03-01 11:00:00,-0.9068832362219458,-0.2753834349720452,0.08447771432169628,-0.8477220416740016,-3.726111754116781,-0.41388292751266575,-0.16915287760620437
2009-03-01 15:00:00,-1.6205523270518942,-0.2842485798274037,-0.0632237578264046,-1.7229341507194187,-3.058430373939925,0.07252837850122894,-0.5154522546886577
2009-03-01 16:00:00,-1.8716474652820516,-0.9331057335494314,0.23930258208996216,-1.7205446350259117,-2.9143318230937143,0.10829857081950434,-0.2710985471887238
2009-03-08 11:00:00,-1.4809637244318978,-1.362912778851116,-0.2834820769018781,-1.390190025214741,-2.6619540361780913,0.07411902199948363,-0.2921489722252803
2009-03-08 12:00:00,-1.086629774014374,-1.2810205333550337,0.04253545808170043,-0.9935780422686296,-3.0847681304452723,0.11333012578968507,-0.24840347281579522
2009-03-11 14:00:00,-1.4205839877014865,0.19633367283795142,0.07596087421103617,-1.2078089350959684,0.17937766156632748,-3.617012265612937,-0.3280374856551057
2009-03-15 09:00:00,-1.0753279115027787,-0.7894317900364664,0.0631929231061457,-0.936163364027905,-2.7736059129639945,-0.8423055069638196,-0.34001814480541986
2009-03-17 20:00:00,-2.189555549818782,0.2498026840196006,0.22132858428507357,-1.526012311994037,0.17014424497189318,-2.913541265144948,-0.32381135792813454
2009-03-21 17:00:00,-0.8162790973836597,-1.7278499847938336,-0.06292445730395159,-0.7424540344867234,-2.858715828026388,0.1481267960864113,-0.29998553173584624
2009-03-21 19:00:00,-1.2192319351874439,-1.3676491450127235,-0.7706588689301218,-1.179112260296229,-1.8723742834858659,0.0920251327198361,-0.19822066249534123
2009-03-24 19:00:00,-1.5119112082597446,-1.1051792008917727,-0.6393605873384527,-1.2926036443974276,-2.2888107915641793,0.08856504490940292,-0.3997112796118762
2009-03-25 14:00:00,-0.4049045656955716,-2.584658623365427,-0.481908518916503,-0.3093369788998799,0.17317794574422973,-2.6541223759615624,-0.15201345965713894
2009-03-28 18:00:00,-1.4475958978505414,-1.9165796337339898,-0.022579867606443135,-1.4067145026527923,-2.728103566133465,0.0968232791503855,-0.24559574803622045
2009-04-04 15:00:00,-0.9969564750366765,-1.15748194410328,0.21037521621766814,-0.7750671162587229,-2.4067353678982495,-0.8983773778775516,-0.2974265482629098
2009-04-05 12:00:00,-0.7445559774624773,-2.1347308638758764,0.21911198859426737,-0.5983017931563852,-2.6360195894941594,0.09902329955400796,-0.3857635363646372
2009-04-09 19:00:00,-1.173385726633855,-1.7173469673037414,0.1944355009298223,-0.9715133935046706,-2.722282325054483,0.1138862051499928,-0.4913740187860251
2009-04-11 11:00:00,-1.320222238009585,-0.2862613247867819,0.10053674634675984,-1.194393072822207,0.16139265738417258,-3.4770887558699415,-0.3545339995871733
2009-04-11 16:00:00,-0.4923616321627746,-2.5649235430158197,0.1368613103104115,-0.3761601588308613,0.18817801333596115,-3.264234958621073,0.0732937616375425
2009-04-11 19:00:00,-1.5161319784067357,-1.3543359152908336,-0.15078898148480274,-1.4354697431367403,-2.68502152105139,0.11049245916980792,-0.46686739425012125
2009-04-11 20:00:00,-1.513406035911383,-1.3405818800169897,-0.10517472053612761,-1.4092185497676573,-2.46361653749904,0.03747266380689842,-0.42152409095061555
2009-04-12 20:00:00,-1.720605031103533,-1.039525745959303,-0.5929623240482451,-1.592982689092038,-2.6075344224296906,0.10928753280510582,-0.4613181206270506
2009-04-12 21:00:00,-1.8215021876236517,-1.1275763662341374,-0.6208103420919999,-1.4865905896216707,-2.525521894926868,-0.12358224987922425,-0.35125344702172184
2009-04-17 23:00:00,-1.4069776874336553,-0.34032491288452454,0.14584850852607353,-1.261981204951605,0.1682417260949763,-3.901663687811356,-0.03668374408614028
2009-04-25 10:00:00,-1.0737347239675379,0.028023843184718917,-0.3646791367910345,-0.9699271699434062,0.17865780133475456,-3.490489062834568,-0.4456625699462732
2009-04-26 12:00:00,-0.9436736787414077,-1.653611688864715,0.04626779728294788,-0.877329343174851,-2.4855141831592578,0.13998000334955243,-0.31895531451610687
2009-04-29 22:00:00,-1.2810333549646962,-0.03247998997201067,-0.04217342765511866,-1.056760894833341,0.18395537599562442,-3.853827301030624,-0.08374443232902794
2009-05-03 20:00:00,-1.7555120762965615,0.15303181670634722,0.10480995724879798,-1.5190776071390573,-1.1253825184270436,-1.8773180859747456,-0.42138395575306686
2009-05-10 16:00:00,-1.7520785545281876,-0.03302901032894589,0.18189478156459013,-1.3664722862641754,-1.1614716966378282,-3.20998907379852,-0.05452430257387037
2009-05-10 19:00:00,-1.156442178356933,-1.0805422956829795,-0.10793678882314976,-0.9911936358272059,-1.1905519264470632,-2.3619677543992452,-0.17997310277538134
2009-05-16 14:00:00,-1.4007328286282215,-0.29773033196944565,-0.16441800158342718,-1.1250867324436578,-0.9510683000775608,-2.7173770765496186,-0.41012048748412905
2009-05-17 10:00:00,-1.2972243000510102,-0.9810579692384807,-0.3554520165086398,-0.9847426574924351,-1.7222783846625105,-1.5710798052429864,-0.3114929038276717
2009-06-07 13:00:00,-1.0337727336852818,-1.846342715178823,0.08648635515878496,-0.787555037708747,-1.4607709933474688,-1.7113512942485671,-0.29033149657030444
2009-07-14 12:00:00,-0.564106097790939,-2.1951310833120585,0.09086947755488861,-0.5489193307753103,-3.018918602172916,0.07275619608767157,-0.2868377116113741
2009-08-09 18:00:00,-0.6620722053512695,-2.135706497055564,0.1829040121431527,-0.6192372177659066,-1.4342774403552396,-2.1393063854321377,-0.04230690187792115
2009-08-13 20:00:00,-1.2451272380484522,-1.303003887988979,0.08839036053770963,-1.0179357818091734,-1.295611440142493,-2.012422333533414,-0.27578263231814637
2009-08-18 21:00:00,-1.4595716321477665,-1.3858251765993683,-0.0281906040326747,-1.2216492154035115,-2.5308923506422123,0.002027630093339463,-0.41659243578887695
2009-08-22 18:00:00,-0.983315702963347,-2.2492493755800425,0.03875291333783135,-0.8060056609652295,-2.2316318075493013,-0.030935786441081043,-0.1847723009549001
2009-08-30 15:00:00,-1.2180548561416418,-1.9080791463973843,0.010792921465537583,-1.0626424331441113,-2.4111825369917668,-0.17921027677611703,-0.4012897023089417
2009-09-12 19:00:00,-0.8978929148807295,-2.1272851747852495,0.09334972744236848,-0.7672539406910319,-2.5176120896133685,0.09921809303838362,-0.43199855063552084
2009-09-12 21:00:00,-1.5919898907265364,-0.9434565473606007,-0.10673296899912531,-1.518807277485594,-2.876093802084664,0.10986486773387458,-0.36956917877228124
2009-09-12 22:00:00,-1.626142088881483,-1.8650200360773435,-0.0835928419799792,-1.4769326813495742,-2.666825635623903,0.006810936906317196,-0.30551131829874123
2009-10-11 11:00:00,-1.1845403944821828,-1.4635643137510717,-0.2067912834560459,-1.1095183108119178,-1.4287209721486884,-1.8898598295663283,-0.36739933768754374
2009-10-11 19:00:00,-0.8239582592764051,-1.867431727353314,-0.12169639057172334,-0.7845266440857158,-1.2612506171048063,-1.9385995964480374,-0.148181931192818
2009-10-17 16:00:00,-1.271217706641873,-1.3615196385801678,0.028067900600460747,-1.1688173837478264,-1.8075773975965177,-2.3943266425827114,-0.35024993190611353
2009-10-17 17:00:00,-0.8290725512793011,-1.9958738249958186,-0.5432702651664988,-0.7247034836515721,-2.0791840716600087,-0.4205605897919488,-0.23028268652723363
2009-10-23 15:00:00,-1.444519518355696,-1.8778886855453651,0.17383093744869688,-1.3817237534409812,-2.7321125722306934,0.029953728517263422,-0.24851869985345942
2009-10-24 12:00:00,-1.3865653456895153,-1.8332407383202747,-0.1710511109792628,-1.2460584821202743,-2.700236110809926,0.0011201871140887757,-0.37502506876560554
2009-10-24 18:00:00,-1.7853021505981652,-0.00036702653291097084,-0.8496957257060263,-1.7299289757345087,-2.05663056431776,0.11904530232581256,-0.43064872223114764
2009-10-25 12:00:00,-1.1295994001042036,-0.6129373337886005,0.07102461751569268,-1.0798554958087974,0.16258189935682862,-3.3014606436690337,-0.4426900978069887
2009-10-25 15:00:00,-0.4623729037566526,-2.801722036093497,0.18052570179371877,-0.3257252300699593,-0.27817055744251845,-2.4501997201673773,-0.19575754361034342
2009-10-30 16:00:00,-1.1150067928845813,-0.9117715626474538,0.22865715289061622,-0.8431692379854757,-1.4185451664319704,-1.8512580706827568,-0.30878294388441896
2009-10-31 12:00:00,-1.0707288168598779,-1.0240110472914628,0.10799322086252233,-1.0214129189640122,-1.2813320408277178,-2.2505479458759177,-0.24438699946644
2009-11-03 19:00:00,-2.120985526096934,0.13116324065143187,-1.1003514480836345,-1.9219050211615225,-0.8653174615814048,0.09884069467688006,-0.3858951382616089
2009-11-03 20:00:00,-1.3506493388300862,-1.1408914866927888,-0.7551477281461512,-1.3229921367204005,-1.1670684462805303,-1.6567833605460842,-0.18504189835866022
2009-11-04 19:00:00,-1.3442267054646566,-0.30785617869458837,0.10455435858407174,-1.1549562556015114,0.16116199013669935,-3.360842411560645,-0.4804787083200242
2009-11-08 12:00:00,-1.6439711983536602,-0.8173105266381129,0.06738158020494531,-1.577363249509167,-2.760108711588308,0.11691509161834555,-0.5119648983792755
2009-11-11 17:00:00,-1.4774632031912196,-0.020522106519776255,-0.8754877112035947,-1.413550420692378,-1.09853516824947,-2.6323814095788856,-0.224867852078339
2009-11-11 19:00:00,-1.8828760305405963,0.09763348155344286,-0.179097730550018,-1.4573337843338912,0.15728426137305815,-3.314164117909471,-0.012558121795592828
2009-11-14 19:00:00,-1.5538036311611174,-1.66772009311981,0.18952662108157695,-1.2687895249626842,0.1386424661807246,-2.4610144074899,-0.4610911965143849
2009-11-15 17:00:00,-1.4298676566564055,-1.7835535529524384,-0.9937304722519521,-1.2618338421421722,0.1303517273770703,-1.7479053824815813,-0.2087855362040102
2009-11-15 18:00:00,-1.5859745646104595,-1.2870128214038028,-0.9208813486111462,-1.34639114398394,0.11079069624685207,-2.5203308239967313,-0.30531698457170886
2009-11-18 11:00:00,-0.8414585103395693,-0.18580593469207016,0.17097212643145981,-0.686487850083626,-3.1934049707931633,-1.9203667013340036,-0.0567046527363738
2009-11-18 12:00:00,-0.6612679364353037,-1.7932473597312295,-0.18439151410118312,-0.560886194275096,-2.8858802281352998,-0.07674904623446417,-0.3383526216849255
2009-11-21 17:00:00,-1.5745701334681634,-1.305730236222687,-0.8290158197536064,-1.5089021297929661,-2.500425859341703,0.11718206542628115,-0.2871122824218571
2009-11-21 18:00:00,-1.5436710063836345,-1.0563685184874554,-0.2914220249927609,-1.4252573309726895,-1.3367793521397098,-0.6329646682062477,-0.3274160255157231
2009-11-21 20:00:00,-1.565315205938839,-1.9760493652936726,0.03407268349837645,-1.2089754801955963,-2.6166332186703753,0.07494830599017985,0.03201479460098948
2009-11-22 19:00:00,-1.6233279657063067,-0.8780984679166353,-0.21735120544071018,-1.3752966871763128,-1.9250778915780935,0.1314096590180681,-0.4201740370313743
2009-11-22 20:00:00,-1.959148679947282,-0.10231533895418929,-0.6021727880466804,-1.9109058520183657,-2.8673335564836155,0.12360942819946123,-0.3453044552062528
2009-11-22 21:00:00,-1.6959569420122567,-0.8838755155495824,-0.18213159710018048,-1.5394748936653289,-2.8289421789121603,0.1434909883166548,-0.4978496563553598
2009-11-24 19:00:00,-1.6554485190307422,-0.7119940003580506,-0.27223372329542145,-1.323037456443382,-0.8067496403605265,-2.3553086153123624,-0.2161195697832974
2009-11-26 20:00:00,-1.7594943738438429,-1.1480220018988687,-0.17415810892924957,-1.3106287106764911,-2.1198212184650114,0.10412592827058077,-0.42721697725154956
2009-11-28 17:00:00,-1.0395004673390205,-2.1116274169806477,0.05352476303415154,-0.8642107873798117,-2.1649212017563966,0.13758816515510644,-0.249792623019658
2009-11-29 11:00:00,-1.342343528313447,-0.9117357317611653,0.15565381477863743,-1.122652386871542,0.17291611509377,-2.7932644258866106,-0.47419778912688426
2009-12-02 15:00:00,-0.48959424103037485,-0.9026098235691814,-0.2527560383331448,-0.5738654502269706,-1.3015337479377087,-2.8908094583069124,0.02411231848473973
2009-12-05 19:00:00,-1.5635759060276593,-0.8676331651335313,-0.5964978274366046,-1.451647933816613,-2.0730690724779985,0.12647653864123212,-0.22024694879647014
2009-12-06 11:00:00,-1.2710312890082547,-1.073023015730162,0.21076780183293917,-0.9906707519542925,-1.7721179095155564,-1.759285435560642,-0.38404718753356226
2009-12-06 14:00:00,-1.0612732382604935,-1.7494897121931665,0.17077896263618333,-0.9037872237400951,0.14869885274996197,-2.6104636000898616,-0.3392618449187011
2009-12-10 19:00:00,-1.1984912102661325,-2.218450083481502,0.040334797015366,-1.0582736284670564,-2.601019505361832,0.10090604924362921,0.027681662182866454
2009-12-12 17:00:00,-1.5372333671356817,-1.9432907709194531,0.06743531210145481,-1.363814408505104,0.13676355440242244,-2.447506621543829,-0.2358916541194771
2009-12-14 21:00:00,-1.6864301847034993,0.04317243712784351,-0.001801359903575539,-1.4081158087783971,-1.1894942875070253,-1.8209567472004566,-0.427664705699599
2009-12-21 19:00:00,-1.6157553218252962,-1.159512381277903,0.1641598697862997,-1.2397452507756996,-2.327212785146273,0.09274644342316639,-0.2015128812475419
2009-12-21 20:00:00,-1.6239690841794594,-1.2599624760096009,-0.07459082496503781,-1.5183705999716623,-2.6741619669861745,0.10863871469404707,-0.4413759034851318
2009-12-24 15:00:00,-1.3654441595053732,0.12366311729961138,-1.1915207372868302,-1.160229270395772,0.20012230608493756,-2.193151445155491,-0.7195647480124334
2009-12-24 16:00:00,-1.661227524037319,-1.4397656809167712,-0.5040064521209333,-1.426424337210863,0.1376734809149436,-2.070619396612125,-0.6130576500635022
2009-12-24 17:00:00,-2.0636682977910885,0.23969954542815172,0.10732096835279453,-1.8560333464459862,0.16621996645389014,-3.2448324006932228,-0.49804344673078405
2009-12-24 18:00:00,-1.6343759842153285,-0.3466434340600152,-0.24098198966794668,-1.4055060209167807,-1.4300591864648844,-1.6702788322986668,-0.502758912976085
2009-12-24 19:00:00,-1.582678183327749,-1.4095654776404223,-0.23205786202472595,-1.4839808049317285,-2.6271189972693527,-0.05880372029656399,-0.47665350029252684
2009-12-24 20:00:00,-1.7112723298307009,-0.5272856146991152,0.10034732749881405,-1.7501559854670055,-2.7217413735149814,0.12075928812144864,-0.4918536985026631
2009-12-25 15:00:00,-1.6017673640759373,-1.9047562862149094,-0.18827997310472275,-1.342322151404855,-2.8258293466230446,0.09550342177311594,-0.015400867357362511
2009-12-27 20:00:00,-1.4835732535104742,-1.2962761964315266,-0.0481313551964395,-1.1262161036536358,-2.54811327104799,0.1143060610413044,-0.295452081061275
2009-12-30 19:00:00,-1.7501143983822336,-2.0470229740011705,0.1712941365752864,-1.2683182834716256,0.12805922976004128,-3.036054670829162,-0.02705270080401703
2009-12-30 20:00:00,-1.4478030320352218,-0.6921031009087749,-0.1347833794781751,-1.2593004723494121,-1.3266383353917726,-2.0371556954044294,-0.3039961017192398
2010-01-03 14:00:00,-1.2624497113332234,-0.03217398661439232,-0.07158080338947174,-1.0588928218857476,0.18235305932123946,-3.985709766442763,-0.0896839180207331
2010-01-06 14:00:00,-0.8107242266965318,0.2715365373381929,-0.8296836018414383,-0.6284755446061868,0.19736856583502596,-4.312771043809416,0.02163091525428039
2010-01-09 14:00:00,-1.3700183158682715,-0.35506061120118443,0.15720809314158582,-1.1309900130677246,-1.223238408880097,-3.1428934261588632,-0.10995299354808664
2010-01-09 18:00:00,-1.4575608254548131,-1.6949864167748216,0.07746340371303868,-1.242059384114016,-0.8050574254095959,-1.690708046396557,-0.2905614866484762
2010-01-10 14:00:00,-1.4641413416695823,-1.3279956846179004,-0.16729746063104806,-1.3559686397378277,-1.5569365889388056,-0.13600752738570623,-0.41496803336999405
2010-01-10 15:00:00,-1.4648897722860457,-1.6274629950760084,0.059560901852112914,-1.3068530887185332,-0.855299251094291,-1.7728715216130382,-0.3420653271301915
2010-01-12 13:00:00,-1.0744717774288983,-0.8855144045751346,-0.07032128305394955,-0.9994279339732808,0.1699290630609198,-3.267096946751941,-0.4141560779602416
2010-01-15 20:00:00,-1.697195004027511,-1.1087481046992695,0.14736081286522199,-1.4255967886638432,-1.2086853753812563,-1.7862590457928575,-0.3929599302507258
2010-01-15 21:00:00,-1.540165728569728,-0.6511218234871825,0.14730293938969077,-1.33244351349502,-1.313430418800584,-1.8220259780433685,-0.41134574847218647
2010-01-16 12:00:00,-1.1215993530037152,-1.6129801901617025,0.1460833465607971,-0.9808935985415612,-1.7747951807571056,-1.5536711282556277,-0.3218099261355068
2010-01-19 19:00:00,-1.7420918735570765,-1.2147299280122705,0.09760063789085045,-1.69395259836157,-1.627494282884069,0.10657887913928073,-0.48601413608892136
2010-01-23 18:00:00,-1.7907431603283055,-1.3742295843402075,-0.525928272828759,-1.4993085173069993,0.10501928476433749,-2.6194858493053528,-0.4021609780539806
2010-01-23 22:00:00,-1.6123507886475805,0.14704033519585663,-0.30405747868850824,-1.209300345621864,-1.4234218761701243,-1.7839190249363561,-0.24918523358935843
2010-01-24 12:00:00,-1.5761221679687714,-0.8739596076845693,0.09569545693411081,-1.3508333735460734,-2.2648892738256303,-1.252319046614169,-0.5199425872292163
2010-01-27 17:00:00,-1.921500754334918,-0.27564688405442755,-0.1496332697540229,-1.6445819619019526,0.14935324760918334,-3.138908043755149,-0.3448638572448729
2010-01-27 21:00:00,-1.9225113436547934,0.1841321210036121,-0.3298893173023843,-1.9309556193081565,-1.8169297725539244,0.1312606179048492,-0.4239068371092356
2010-01-30 17:00:00,-1.3208950869773977,-1.4500314513223866,0.22847629995060328,-1.19616236163155,-2.3420430362404825,0.1195649632371228,-0.3675863693026674
2010-01-30 18:00:00,-1.7469261957199953,-0.7324401830093376,-0.2366795874597055,-1.4474898176233995,-0.9455343373856506,-2.5466050154929745,-0.39323586428411017
2010-01-30 20:00:00,-1.6657130482181568,-0.9387531471476722,0.22848566605214315,-1.3741185277817696,0.162278488607926,-2.4308073748357493,-0.4097990933541738
2010-02-03 15:00:00,-0.9876031078150854,-0.6388767706175275,-0.46925208756086584,-1.0384720472306332,0.16956788240176918,-3.2412390451188395,-0.5878308820432678
2010-02-03 21:00:00,-1.6113877596192634,-0.3857909148831849,-0.3064682812243475,-1.35524889580692,-0.9704450825116948,-1.873675183140735,-0.45663733928226563
2010-02-06 18:00:00,-1.4675753172439137,-1.6725280461536614,-0.4106906594403016,-1.3355637605095718,-1.3431112320700065,-0.009575723442187444,-0.27700877759335146
2010-02-13 12:00:00,-1.5528432307440065,-0.22918657889612404,0.1918404712741652,-1.2672327391804223,-1.3696913515791485,-2.8705109136789266,-0.19583789184956654
2010-02-13 14:00:00,-1.763148778151628,-0.8637721907086775,0.040327938324281394,-1.6025453654452084,0.16425943501704343,-2.300944105271755,-0.4891623465696707
2010-02-15 20:00:00,-1.8513319588074015,0.2268629694266483,-0.2113166295040704,-1.876009648993915,-3.047601050695095,0.13412089270666497,-0.4255079748599897
2010-02-17 12:00:00,-1.778814625337287,-0.19509992079305735,0.15924521376413925,-1.591352597977244,0.16008334220509096,-3.2198633401025205,-0.4636532578560204
2010-02-21 11:00:00,-1.5062373604356984,-0.7305431694004454,0.051836667584228516,-1.3324353171324328,-2.0802178851406055,-2.374127390781216,-0.4039163451485816
2010-02-21 14:00:00,-1.900841036271593,0.2293784845493999,0.08199502099281208,-1.973079093537949,-3.1442198114703217,0.10170369446432279,-0.5591474188702946
2010-02-21 15:00:00,-1.4313966300414267,-0.27657683169464103,0.1025014891534955,-1.3748869705047422,-1.3382245138011246,-2.798236295839141,-0.40140300005493706
2010-02-21 17:00:00,-1.0481168257477167,0.03018476939512389,-0.8908039939926211,-0.975368526544803,0.17185030236165716,-3.39539075838658,-0.22195394476363797
2010-03-08 08:00:00,-1.4965496492686254,0.19300017955706603,0.17959934077099332,-1.2347921304055332,-0.09813170689130472,-3.5571431346590967,-0.4550642237126132
2010-03-08 09:00:00,-1.1368113820342494,-0.16949791034251144,0.19043070014818528,-0.9785453438018191,-1.247695242867166,-2.663192136995629,-0.33479469533831413
2010-03-08 12:00:00,-0.8643435297442568,-1.3358826475046146,-0.4079660036862432,-0.8655639277699098,-2.77376843685272,0.11553522723050237,-0.45408953416126574
2010-03-08 15:00:00,-1.3795222551852127,-1.2408323914511181,-0.08274743472499592,-1.079545351644524,-0.8701852277200156,-2.6004697403391397,-0.3523383993897382
2010-03-11 21:00:00,-1.670252815323237,-0.2510551899226337,0.04375419048324811,-1.7111899213787871,-2.2520106626382903,0.13197465396422628,-0.4053070431330196
2010-03-13 17:00:00,-1.0703587059708326,-0.9635616246576785,0.20385815353642592,-0.9285886256766703,0.16581127004085372,-3.8588719486482215,-0.06685202039132428
2010-03-24 11:00:00,-0.9907777697835863,-0.9187785703887343,0.22987361487352634,-1.0109450333839893,0.1717931263988258,-3.3937305311235146,-0.3265804547930314
2010-03-24 14:00:00,-0.9452265763589832,-0.8432872115443626,0.2412507944444761,-0.909495494408455,0.17643130967594844,-3.4993211736648253,-0.3923883189292903
2010-03-27 18:00:00,-1.3526807242995837,-0.2037399233348123,-0.57727025137386,-1.1470336543458874,0.160135047787316,-2.6869121695337244,-0.3529210238067901
2010-04-11 20:00:00,-1.8918563119534655,0.2596700489382415,-0.05990943255477952,-1.5559044408346918,-3.218666208638291,0.10573776044055842,-0.49997199583219665
2010-04-11 21:00:00,-1.8796068329871003,0.21075290365449437,-0.2878184000329888,-1.594521745352304,-3.128923394466882,0.13085223857502803,-0.5132646665743958
2010-04-17 10:00:00,-1.4396323852535402,-0.004787640799887733,0.11856469160887237,-1.347490285490479,0.16584590348358955,-3.4070044026729094,-0.39468459327526834
2010-05-01 14:00:00,-0.6723157161653132,0.16917550003198756,0.03393299403938788,-0.6830197318973688,-1.2694850232219435,-3.792590743566561,-0.04738678185522605
2010-05-02 12:00:00,-1.1941604588168548,-1.9474568739718807,-0.010314548809731764,-1.031104773428493,0.12727086379035682,-2.943850937715067,-0.33480981947123534
2010-05-02 13:00:00,-1.1906469435477018,-1.2049106611700604,-0.0638688501910713,-1.0945011205167725,0.14081992383690733,-3.0388183035657343,-0.2950423821795429
2010-05-02 19:00:00,-1.3609463356477598,-0.9873512843950826,-0.23791733857772754,-1.098777104957426,-1.2468235013212277,-2.631625780846227,-0.185166336566493
2010-05-08 21:00:00,-1.2200168996847265,0.032980241315895775,-0.3863173397578287,-1.006558533621094,0.15844858257252592,-3.390033442600788,-0.4025242159860201
2010-05-15 21:00:00,-1.3888336836999857,-1.2487156789013552,-0.7604333465444587,-1.2070205306389656,-1.9277942201635616,0.10376676224298637,-0.2076747659111593
2010-05-16 14:00:00,-1.4660697598890648,0.23545056960820404,0.18033575018754205,-1.1549808271862907,-1.1182103449376586,-3.287573698638562,-0.24315130518899056
2010-06-05 22:00:00,-1.1644979445781656,-1.3859308583977863,0.24221165220310525,-1.0591790833563801,-3.2364316689920294,0.03124759605903822,0.05748667224919109
2010-06-05 23:00:00,-1.3088047105374956,-0.9873239692904333,0.1553181803852628,-1.247462375755606,-3.2110945717322905,0.11588399623471347,-0.1534218213209751
2010-06-12 12:00:00,-0.38760682009004693,-2.4670110648289945,0.20491724373427947,-0.4249525215902255,-2.006676615594937,-1.0876536422042529,-0.09068256855725186
2010-06-23 21:00:00,-1.4540512169736732,-1.62554057484892,-0.14207370921594523,-1.3480728849054606,-2.6180144301972375,-0.022949055884488558,-0.33830979512832343
2010-10-02 20:00:00,-1.770717592800677,-0.22302809102240104,0.09787032776547012,-1.5982478828442306,-3.0540246031359444,0.019525652078490253,-0.529283163614534
2010-10-02 21:00:00,-1.603106118888564,-0.18606110964320544,0.08622211684208447,-1.5222422325889775,-2.7864512968890343,-0.04279390901178831,-0.3368795779818272
2010-10-03 11:00:00,-1.0861578833554684,-0.8702923449346439,0.10937885752274491,-0.9671286674084864,-2.4912692847777773,-1.0001604282807766,-0.2605294329998546
2010-10-10 21:00:00,-1.5070511780615936,-1.9124877288333286,0.034929543044295894,-1.2849139068194644,-1.3783497605798314,-0.025653668296129608,-0.5136140860485909
2010-10-11 19:00:00,-1.3278728828765307,-0.37475746315280256,-0.4303540912212053,-1.1371884312108633,0.15834345677244088,-3.529991617404785,-0.10810209435714595
2010-10-18 09:00:00,-1.3819068240769694,-0.5585731078991971,0.04639212700075253,-1.320654305389809,0.14754055958044396,-3.183761480768131,-0.5596721686027771
2010-10-18 12:00:00,-1.3793045140774614,-1.27316440601079,0.18798021031709855,-1.0833289492013038,-0.625420009193065,-2.795369142825892,-0.30253829465353504
2010-10-18 18:00:00,-1.2717758700151127,-1.8414395637046614,0.11890929078583572,-1.0203195906175555,0.14579105719113614,-1.8856047508877214,-0.36844552258746593
2010-10-19 18:00:00,-1.3278691608364384,-2.069681898112449,-0.2850964978035387,-1.0423946426815354,0.12070499010375861,-2.3299775151516835,-0.29004404930659694
2010-10-23 21:00:00,-1.8633970761948961,-0.159868445981837,0.03169525585229464,-1.4995582859757384,-3.3249281183073567,0.07621741367015653,-0.0331324117567622
2010-10-24 14:00:00,-1.3500795614453767,-0.7577418374513807,-0.147044542197898,-1.1734225677949417,-0.9864731638608987,-2.2643954635257173,-0.4144097406026364
2010-10-26 11:00:00,-0.810355808232907,-1.1126613660192526,-0.42874965804530546,-0.7468624760913586,0.19336553272983198,-2.756665501039619,-0.6787050124896423
2010-10-30 11:00:00,-0.9140415636520989,-1.3094813807778143,0.22562596932134274,-0.9425875640326132,-2.7897338632967883,0.11549497074197512,-0.6414068731495715
2010-11-04 08:00:00,-1.6842956132833553,0.06872304495480298,0.09065328776546386,-1.5799343854086356,-1.0397931644937433,-3.0220436261521124,-0.4134376970229408
2010-11-04 10:00:00,-1.1871988223359526,-1.4738515672854848,0.06508884185238893,-1.0808261945381457,-0.3121784658696771,-2.898670774865968,-0.22120660142863313
2010-11-04 11:00:00,-1.133679660617885,-0.31866613931133525,0.05978560318440546,-1.0663619664938435,0.16032859698423815,-3.6381660910122666,-0.3781944477921332
2010-11-04 19:00:00,-1.4382073236609951,-1.002253682506004,-0.22559750737117662,-1.2121600802921073,-1.1762292508300916,-1.6669117273634244,-0.29280215308042323
2010-11-04 20:00:00,-2.21460718251882,0.04289297585335331,-0.2778688282226887,-1.9299754051950213,-3.042170334088439,0.07474540781187707,-0.022706885068637182
2010-11-09 20:00:00,-1.6115467526742766,-0.012201928689435829,-1.0892483223034177,-1.5533924261008862,-1.864057727992446,0.04920188179593242,-0.2463802798731831
2010-11-10 10:00:00,-0.8930070120357222,-1.0442120768599823,-0.8189834523664932,-0.8043012056969245,-0.5970348320465947,-2.6840164099901185,-0.0778790781229148
2010-11-10 11:00:00,-1.052982046175609,0.051000056520775695,-0.9941662317826203,-1.0109891010343122,0.17087290628624893,-3.4111752884833972,-0.21591999631664258
2010-11-14 15:00:00,-1.7432684557195737,-0.7357124993311311,-0.6590472503142302,-1.6326038954543798,-2.757568383418403,0.08877461702093878,-0.2992078979664202
2010-11-15 12:00:00,-1.1738310070257751,0.03999178875532658,-0.6883415937300467,-1.0523376504464221,0.1720501167486123,-3.3590062095005333,-0.2231319411755853
2010-11-20 18:00:00,-1.5761626029650757,-0.2239528275001653,-1.0443262407980056,-1.404986519941706,-1.2851682532705349,-2.460626485346018,-0.28893442970462846
2010-11-22 18:00:00,-1.4796073822030695,0.20395577178844312,-0.9311305251728031,-1.3993961476299694,-2.760672016759731,0.12368587747070144,-0.20918271970787908
